5102978,June 28, 2014
5110557,June 29, 2014
5117186,June 30, 2014
5123541,July 1, 2014
5130598,July 2, 2014
5137451,July 3, 2014
5150075,July 4, 2014
5157905,July 5, 2014
5165897,July 6, 2014
5172700,July 7, 2014
5179828,July 8, 2014
5186416,July 9, 2014
5192547,July 10, 2014
5198734,July 11, 2014
5206184,July 12, 2014
5213362,July 13, 2014
5219666,July 14, 2014
5226346,July 15, 2014
5233071,July 16, 2014
5239861,July 17, 2014
5246709,July 18, 2014
5253589,July 19, 2014
5260528,July 20, 2014
5266398,July 21, 2014
5272291,July 22, 2014
5278279,July 23, 2014
5284107,July 24, 2014
5290017,July 25, 2014
5296657,July 26, 2014
5303639,July 27, 2014
5309937,July 28, 2014
5316706,July 29, 2014
5322976,July 30, 2014
5329106,July 31, 2014
5336177,August 1, 2014
5343740,August 2, 2014
5351484,August 3, 2014
5358147,August 4, 2014
5365058,August 5, 2014
5371916,August 6, 2014
5378589,August 7, 2014
5385581,August 8, 2014
5392298,August 9, 2014
5399302,August 10, 2014
5405358,August 11, 2014
5411407,August 12, 2014
5417253,August 13, 2014
5423224,August 14, 2014
5430620,August 15, 2014
5437771,August 16, 2014
5445329,August 17, 2014
5451997,August 18, 2014
5458301,August 19, 2014
5464253,August 20, 2014
5470752,August 21, 2014
5477120,August 22, 2014
5483199,August 23, 2014
5489896,August 24, 2014
5495669,August 25, 2014
5502507,August 26, 2014
5510216,August 27, 2014
5517655,August 28, 2014
5525151,August 29, 2014
5532555,August 30, 2014
5539987,August 31, 2014
5546166,September 1, 2014
5553055,September 2, 2014
5560794,September 3, 2014
5567905,September 4, 2014
5574744,September 5, 2014
5581555,September 6, 2014
5588337,September 7, 2014
5594101,September 8, 2014
5599670,September 9, 2014
5607002,September 10, 2014
5614695,September 11, 2014
5623674,September 12, 2014
5631528,September 13, 2014
5638725,September 14, 2014
5645003,September 15, 2014
5651068,September 16, 2014
5657295,September 17, 2014
5663329,September 18, 2014
5669377,September 19, 2014
5676362,September 20, 2014
5683374,September 21, 2014
5689379,September 22, 2014
5695667,September 23, 2014
5701772,September 24, 2014
5707923,September 25, 2014
5713978,September 26, 2014
5719625,September 27, 2014
5725510,September 28, 2014
5730294,September 29, 2014
5735075,September 30, 2014
5739986,October 1, 2014
5744880,October 2, 2014
5749446,October 3, 2014
5754525,October 4, 2014
5760190,October 5, 2014
5765756,October 6, 2014
5770743,October 7, 2014
5776295,October 8, 2014
5781963,October 9, 2014
5787699,October 10, 2014
5793673,October 11, 2014
5800110,October 12, 2014
5805517,October 13, 2014
5810904,October 14, 2014
5816270,October 15, 2014
5821421,October 16, 2014
5826617,October 17, 2014
5832464,October 18, 2014
5838565,October 19, 2014
5843937,October 20, 2014
5849078,October 21, 2014
5855034,October 22, 2014
5860888,October 23, 2014
5867143,October 24, 2014
5873934,October 25, 2014
5880748,October 26, 2014
5886618,October 27, 2014
5892404,October 28, 2014
5898381,October 29, 2014
5904818,October 30, 2014
5911013,October 31, 2014
5917350,November 1, 2014
5923926,November 2, 2014
5929310,November 3, 2014
5934929,November 4, 2014
5940307,November 5, 2014
5945913,November 6, 2014
5951475,November 7, 2014
5957790,November 8, 2014
5964483,November 9, 2014
5970256,November 10, 2014
5976146,November 11, 2014
5987371,November 13, 2014
5993202,November 14, 2014
5994634,November 15, 2014
6000885,November 16, 2014
6007018,November 17, 2014
6012262,November 18, 2014
6017759,November 19, 2014
6023253,November 20, 2014
6028912,November 21, 2014
6034279,November 22, 2014
6040227,November 23, 2014
6046158,November 24, 2014
6051186,November 25, 2014
6056029,November 26, 2014
6060808,November 27, 2014
6065698,November 28, 2014
6070948,November 29, 2014
6076358,November 30, 2014
6081510,December 1, 2014
6071906,December 2, 2014
6076631,December 3, 2014
6082469,December 4, 2014
6088067,December 5, 2014
6093824,December 6, 2014
6099644,December 7, 2014
6105000,December 8, 2014
6109804,December 9, 2014
6114603,December 10, 2014
6119521,December 11, 2014
6124432,December 12, 2014
6129473,December 13, 2014
6134913,December 14, 2014
6139979,December 15, 2014
6144217,December 16, 2014
6149019,December 17, 2014
6154662,December 18, 2014
6160306,December 19, 2014
6166502,December 20, 2014
6172588,December 21, 2014
6178712,December 22, 2014
6184080,December 23, 2014
6189798,December 24, 2014
6195840,December 25, 2014
6202862,December 26, 2014
6209124,December 27, 2014
6215636,December 28, 2014
6221944,December 29, 2014
6227916,December 30, 2014
6233756,December 31, 2014
6239687,January 1, 2015
6245715,January 2, 2015
6251928,January 3, 2015
6258438,January 4, 2015
6264601,January 5, 2015
6270400,January 6, 2015
6276276,January 7, 2015
6282160,January 8, 2015
6287980,January 9, 2015
6293889,January 10, 2015
6300633,January 11, 2015
6307603,January 12, 2015
6313726,January 13, 2015
6319640,January 14, 2015
6325847,January 15, 2015
6332401,January 16, 2015
6338553,January 17, 2015
6345851,January 18, 2015
6352753,January 19, 2015
6358949,January 20, 2015
6364906,January 21, 2015
6371552,January 22, 2015
6378214,January 23, 2015
6384631,January 24, 2015
6391481,January 25, 2015
6398396,January 26, 2015
6404720,January 27, 2015
6410402,January 28, 2015
6416250,January 29, 2015
6421927,January 30, 2015
6428023,January 31, 2015
6434904,February 1, 2015
6441039,February 2, 2015
6447166,February 3, 2015
6453090,February 4, 2015
6459119,February 5, 2015
6465457,February 6, 2015
6471728,February 7, 2015
6480174,February 8, 2015
6488359,February 9, 2015
6495362,February 10, 2015
6501996,February 11, 2015
6509047,February 12, 2015
6516314,February 13, 2015
6523609,February 14, 2015
6530756,February 15, 2015
6537563,February 16, 2015
6544406,February 17, 2015
6551539,February 18, 2015
6557915,February 19, 2015
6563980,February 20, 2015
6570624,February 21, 2015
6577317,February 22, 2015
6583055,February 23, 2015
6588468,February 24, 2015
6594000,February 25, 2015
6599050,February 26, 2015
6605118,February 27, 2015
6611611,February 28, 2015
6617885,March 1, 2015
6624588,March 2, 2015
6630525,March 3, 2015
6635739,March 4, 2015
6640973,March 5, 2015
6647069,March 6, 2015
6653334,March 7, 2015
6659807,March 8, 2015
6665455,March 9, 2015
6670947,March 10, 2015
6675899,March 11, 2015
6681494,March 12, 2015
6686837,March 13, 2015
6692470,March 14, 2015
6698445,March 15, 2015
6704460,March 16, 2015
6710161,March 17, 2015
6715954,March 18, 2015
6721832,March 19, 2015
6728791,March 20, 2015
6735001,March 21, 2015
6741417,March 22, 2015
6747430,March 23, 2015
6753027,March 24, 2015
6758605,March 25, 2015
6764399,March 26, 2015
6772531,March 27, 2015
6774950,March 28, 2015
6780396,March 29, 2015
6785960,March 30, 2015
6791354,March 31, 2015
6796821,April 1, 2015
6801585,April 2, 2015
6807292,April 3, 2015
6812540,April 4, 2015
6818129,April 5, 2015
6823583,April 6, 2015
6828550,April 7, 2015
6833788,April 8, 2015
6838673,April 9, 2015
6843906,April 10, 2015
6849300,April 11, 2015
6855044,April 12, 2015
6860549,April 13, 2015
6866131,April 14, 2015
6870916,April 15, 2015
6875683,April 16, 2015
6881110,April 17, 2015
6886600,April 18, 2015
6892193,April 19, 2015
6897911,April 20, 2015
6903201,April 21, 2015
6908570,April 22, 2015
6913716,April 23, 2015
6919579,April 24, 2015
6924447,April 25, 2015
6929788,April 26, 2015
6935082,April 27, 2015
6939960,April 28, 2015
6944764,April 29, 2015
6949648,April 30, 2015
6954942,May 1, 2015
6960522,May 2, 2015
6965814,May 3, 2015
6971110,May 4, 2015
6976155,May 5, 2015
6981236,May 6, 2015
6985802,May 7, 2015
6990640,May 8, 2015
6996257,May 9, 2015
7002198,May 10, 2015
7007770,May 11, 2015
7013173,May 12, 2015
7018634,May 13, 2015
7023748,May 14, 2015
7028574,May 15, 2015
7034358,May 16, 2015
7039791,May 17, 2015
7045628,May 18, 2015
7051661,May 19, 2015
7057434,May 20, 2015
7062978,May 21, 2015
7068510,May 22, 2015
7074082,May 23, 2015
7080087,May 24, 2015
7085897,May 25, 2015
7091490,May 26, 2015
7097250,May 27, 2015
7103561,May 28, 2015
7110119,May 29, 2015
7116861,May 30, 2015
7123463,May 31, 2015
7130110,June 1, 2015
7136096,June 2, 2015
7141753,June 3, 2015
7149078,June 4, 2015
7157018,June 5, 2015
7156573,June 6, 2015
7163346,June 7, 2015
7169826,June 8, 2015
7176000,June 9, 2015
7181880,June 10, 2015
7187701,June 11, 2015
7193826,June 12, 2015
7199442,June 13, 2015
7205042,June 14, 2015
7210793,June 15, 2015
7216247,June 16, 2015
7221648,June 17, 2015
7227081,June 18, 2015
7231742,June 19, 2015
7236950,June 20, 2015
7242057,June 21, 2015
7247414,June 22, 2015
7252101,June 23, 2015
7257326,June 24, 2015
7262185,June 25, 2015
7267732,June 26, 2015
7273517,June 27, 2015
7279660,June 28, 2015
7285503,June 29, 2015
7290820,June 30, 2015
7296051,July 1, 2015
7301805,July 2, 2015
7307149,July 3, 2015
7313208,July 4, 2015
7319627,July 5, 2015
7325963,July 6, 2015
7331609,July 7, 2015
7337976,July 8, 2015
7343961,July 9, 2015
7350492,July 10, 2015
7357377,July 11, 2015
7364492,July 12, 2015
7371207,July 13, 2015
7377484,July 14, 2015
7383719,July 15, 2015
7390571,July 16, 2015
7397862,July 17, 2015
7405918,July 18, 2015
7414673,July 19, 2015
7423152,July 20, 2015
7418639,July 21, 2015
7426325,July 22, 2015
7433813,July 23, 2015
7441300,July 24, 2015
7448078,July 25, 2015
7455188,July 26, 2015
7462545,July 27, 2015
7469058,July 28, 2015
7475636,July 29, 2015
7482244,July 30, 2015
7488874,July 31, 2015
7495812,August 1, 2015
7503315,August 2, 2015
7510297,August 3, 2015
7516658,August 4, 2015
7522203,August 5, 2015
7529888,August 6, 2015
7536122,August 7, 2015
7542602,August 8, 2015
7549859,August 9, 2015
7557730,August 10, 2015
7564761,August 11, 2015
7572442,August 12, 2015
7579739,August 13, 2015
7587179,August 14, 2015
7594735,August 15, 2015
7601889,August 16, 2015
7609014,August 17, 2015
7615824,August 18, 2015
7622584,August 19, 2015
7629458,August 20, 2015
7636871,August 21, 2015
7643933,August 22, 2015
7650399,August 23, 2015
7657783,August 24, 2015
7664370,August 25, 2015
7670688,August 26, 2015
7677409,August 27, 2015
7684115,August 28, 2015
7691366,August 29, 2015
7698899,August 30, 2015
7705835,August 31, 2015
7713371,September 1, 2015
7721168,September 2, 2015
7732462,September 3, 2015
7746661,September 4, 2015
7761747,September 5, 2015
7775397,September 6, 2015
7788150,September 7, 2015
7799196,September 8, 2015
7809831,September 9, 2015
7819931,September 10, 2015
7829528,September 11, 2015
7839575,September 12, 2015
7850671,September 13, 2015
7861097,September 14, 2015
7870231,September 15, 2015
7878923,September 16, 2015
7887740,September 17, 2015
7896641,September 18, 2015
7905118,September 19, 2015
7915130,September 20, 2015
7924351,September 21, 2015
7932849,September 22, 2015
7941396,September 23, 2015
7950112,September 24, 2015
7958507,September 25, 2015
7967282,September 26, 2015
7976828,September 27, 2015
7985529,September 28, 2015
7992808,September 29, 2015
8000090,September 30, 2015
8007091,October 1, 2015
8014716,October 2, 2015
8022915,October 3, 2015
8030602,October 4, 2015
8038606,October 5, 2015
8045896,October 6, 2015
8052105,October 7, 2015
8059910,October 8, 2015
8067501,October 9, 2015
8076849,October 10, 2015
8087180,October 11, 2015
8096563,October 12, 2015
8104847,October 13, 2015
8113656,October 14, 2015
8122461,October 15, 2015
8131655,October 16, 2015
8141836,October 17, 2015
8154285,October 18, 2015
8165166,October 19, 2015
8175628,October 20, 2015
8186058,October 21, 2015
8195265,October 22, 2015
8206604,October 23, 2015
8217530,October 24, 2015
8228701,October 25, 2015
8239132,October 26, 2015
8248311,October 27, 2015
8258021,October 28, 2015
8267638,October 29, 2015
8277641,October 30, 2015
8288409,October 31, 2015
8299441,November 1, 2015
8310575,November 2, 2015
8320252,November 3, 2015
8327917,November 4, 2015
8337092,November 5, 2015
8346197,November 6, 2015
8355694,November 7, 2015
8365323,November 8, 2015
8375092,November 9, 2015
8384024,November 10, 2015
8393368,November 11, 2015
8402054,November 12, 2015
8411287,November 13, 2015
8421033,November 14, 2015
8431717,November 15, 2015
8442309,November 16, 2015
8452292,November 17, 2015
8462689,November 18, 2015
8473908,November 19, 2015
8484709,November 20, 2015
8494606,November 21, 2015
8504934,November 22, 2015
8514497,November 23, 2015
8523036,November 24, 2015
8532732,November 25, 2015
8543019,November 26, 2015
8553418,November 27, 2015
8564529,November 28, 2015
8575408,November 29, 2015
8586007,November 30, 2015
8595587,December 1, 2015
8605036,December 2, 2015
8615177,December 3, 2015
8628161,December 4, 2015
8638176,December 5, 2015
8648757,December 6, 2015
8659383,December 7, 2015
8669644,December 8, 2015
8679013,December 9, 2015
8688146,December 10, 2015
8698458,December 11, 2015
8709968,December 12, 2015
8721489,December 13, 2015
8731514,December 14, 2015
8740716,December 15, 2015
8749094,December 16, 2015
8758169,December 17, 2015
8767957,December 18, 2015
8777627,December 19, 2015
8787197,December 20, 2015
8795360,December 21, 2015
8803604,December 22, 2015
8813006,December 23, 2015
8822241,December 24, 2015
8832288,December 25, 2015
8841406,December 26, 2015
8851191,December 27, 2015
8859990,December 28, 2015
8868188,December 29, 2015
8877453,December 30, 2015
8886709,December 31, 2015
8896063,January 1, 2016
8905738,January 2, 2016
8915467,January 3, 2016
8925070,January 4, 2016
8933946,January 5, 2016
8943900,January 6, 2016
8953964,January 7, 2016
8964050,January 8, 2016
8974610,January 9, 2016
8985378,January 10, 2016
8995662,January 11, 2016
9004915,January 12, 2016
9014956,January 13, 2016
9025521,January 14, 2016
9035347,January 15, 2016
9045417,January 16, 2016
9055331,January 17, 2016
9065301,January 18, 2016
9074463,January 19, 2016
9083465,January 20, 2016
9092855,January 21, 2016
9103120,January 22, 2016
9113059,January 23, 2016
9124280,January 24, 2016
9134869,January 25, 2016
9145511,January 26, 2016
9155503,January 27, 2016
9165044,January 28, 2016
9174678,January 29, 2016
9184978,January 30, 2016
9195598,January 31, 2016
9206367,February 1, 2016
9215924,February 2, 2016
9226265,February 3, 2016
9237458,February 4, 2016
9248132,February 5, 2016
9259264,February 6, 2016
9270031,February 7, 2016
9281459,February 8, 2016
9292384,February 9, 2016
9303425,February 10, 2016
9315262,February 11, 2016
9327462,February 12, 2016
9340143,February 13, 2016
9353357,February 14, 2016
9366763,February 15, 2016
9380067,February 16, 2016
9392453,February 17, 2016
9403789,February 18, 2016
9416874,February 19, 2016
9429823,February 20, 2016
9444303,February 21, 2016
9459462,February 22, 2016
9473072,February 23, 2016
9487109,February 24, 2016
9500451,February 25, 2016
9511294,February 26, 2016
9521798,February 27, 2016
9533662,February 28, 2016
9544316,February 29, 2016
9554365,March 1, 2016
9564074,March 2, 2016
9575489,March 3, 2016
9588039,March 4, 2016
9600434,March 5, 2016
9612909,March 6, 2016
9625392,March 7, 2016
9637427,March 8, 2016
9647826,March 9, 2016
9658508,March 10, 2016
9669418,March 11, 2016
9679350,March 12, 2016
9691210,March 13, 2016
9703025,March 14, 2016
9714561,March 15, 2016
9726045,March 16, 2016
9736437,March 17, 2016
9747330,March 18, 2016
9758705,March 19, 2016
9769706,March 20, 2016
9781365,March 21, 2016
9791981,March 22, 2016
9803407,March 23, 2016
9814319,March 24, 2016
9825224,March 25, 2016
9836422,March 26, 2016
9849709,March 27, 2016
9862313,March 28, 2016
9876370,March 29, 2016
9889706,March 30, 2016
9901818,March 31, 2016
9912939,April 1, 2016
9925308,April 2, 2016
9938366,April 3, 2016
9951147,April 4, 2016
9961669,April 5, 2016
9972529,April 6, 2016
9984279,April 7, 2016
9997318,April 8, 2016
10013061,April 9, 2016
10027074,April 10, 2016
10040878,April 11, 2016
10052608,April 12, 2016
10064432,April 13, 2016
10076386,April 14, 2016
10089160,April 15, 2016
10102178,April 16, 2016
10115072,April 17, 2016
10126645,April 18, 2016
10138330,April 19, 2016
10150153,April 20, 2016
10162443,April 21, 2016
10173923,April 22, 2016
10185815,April 23, 2016
10198239,April 24, 2016
10210658,April 25, 2016
10222856,April 26, 2016
10234081,April 27, 2016
10245462,April 28, 2016
10256106,April 29, 2016
10267750,April 30, 2016
10279752,May 1, 2016
10291828,May 2, 2016
10303318,May 3, 2016
10314085,May 4, 2016
10324906,May 5, 2016
10336928,May 6, 2016
10349557,May 7, 2016
10361234,May 8, 2016
10373486,May 9, 2016
10384447,May 10, 2016
10395398,May 11, 2016
10408087,May 12, 2016
10421157,May 13, 2016
10433736,May 14, 2016
10446927,May 15, 2016
10458660,May 16, 2016
10469802,May 17, 2016
10481751,May 18, 2016
10493688,May 19, 2016
10505410,May 20, 2016
10517371,May 21, 2016
10529596,May 22, 2016
10541282,May 23, 2016
10552783,May 24, 2016
10564787,May 25, 2016
10577554,May 26, 2016
10590168,May 27, 2016
10602623,May 28, 2016
10615557,May 29, 2016
10627877,May 30, 2016
10639216,May 31, 2016
10650630,June 1, 2016
10662249,June 2, 2016
10674000,June 3, 2016
10685978,June 4, 2016
10698853,June 5, 2016
10710904,June 6, 2016
10720742,June 7, 2016
10730081,June 8, 2016
10739969,June 9, 2016
10750396,June 10, 2016
10760895,June 11, 2016
10772161,June 12, 2016
10783324,June 13, 2016
10792775,June 14, 2016
10802993,June 15, 2016
10814022,June 16, 2016
10824701,June 17, 2016
10835477,June 18, 2016
10846838,June 19, 2016
10857834,June 20, 2016
10868164,June 21, 2016
10878005,June 22, 2016
10887661,June 23, 2016
10897865,June 24, 2016
10908876,June 25, 2016
10920073,June 26, 2016
10930707,June 27, 2016
10940456,June 28, 2016
10924261,June 29, 2016
10944344,June 30, 2016
10946697,July 1, 2016
10958466,July 2, 2016
11014275,July 6, 2016
11015756,July 7, 2016
11028634,July 8, 2016
11041375,July 9, 2016
11054301,July 10, 2016
11066446,July 11, 2016
11077702,July 12, 2016
11090326,July 13, 2016
11103045,July 14, 2016
11115593,July 15, 2016
11128772,July 16, 2016
11141671,July 17, 2016
11154740,July 18, 2016
11166754,July 19, 2016
11180067,July 20, 2016
11193645,July 21, 2016
11207036,July 22, 2016
11220142,July 23, 2016
11231390,July 24, 2016
11245660,July 25, 2016
11259139,July 26, 2016
11271805,July 27, 2016
11285116,July 28, 2016
11298184,July 29, 2016
11312577,July 30, 2016
11328353,July 31, 2016
11343550,August 1, 2016
11357748,August 2, 2016
11371382,August 3, 2016
11386611,August 4, 2016
11404974,August 5, 2016
11423021,August 6, 2016
11442703,August 7, 2016
11461295,August 8, 2016
11480551,August 9, 2016
11496782,August 10, 2016
11512176,August 11, 2016
11527736,August 12, 2016
11544398,August 13, 2016
11560226,August 14, 2016
11576231,August 15, 2016
11590398,August 16, 2016
11604942,August 17, 2016
11621891,August 18, 2016
11637901,August 19, 2016
11653412,August 20, 2016
11669018,August 21, 2016
11684548,August 22, 2016
11698805,August 23, 2016
11713685,August 24, 2016
11728944,August 25, 2016
11745629,August 26, 2016
11760818,August 27, 2016
11776419,August 28, 2016
11792264,August 29, 2016
11805054,August 30, 2016
11818459,August 31, 2016
11832176,September 1, 2016
11846502,September 2, 2016
11863414,September 3, 2016
11879889,September 4, 2016
11894979,September 5, 2016
11908868,September 6, 2016
11922256,September 7, 2016
11937937,September 8, 2016
11954110,September 9, 2016
11973384,September 10, 2016
11991045,September 11, 2016
12007961,September 12, 2016
12022655,September 13, 2016
12040706,September 14, 2016
12056402,September 15, 2016
12074563,September 16, 2016
12090781,September 17, 2016
12107055,September 18, 2016
12123037,September 19, 2016
12135783,September 20, 2016
12151482,September 21, 2016
12168383,September 22, 2016
12181387,September 23, 2016
12198987,September 24, 2016
12217060,September 25, 2016
12234233,September 26, 2016
12249651,September 27, 2016
12265984,September 28, 2016
12282313,September 29, 2016
12298948,September 30, 2016
12314698,October 1, 2016
12332670,October 2, 2016
12349634,October 3, 2016
12364706,October 4, 2016
12381120,October 5, 2016
12396469,October 6, 2016
12413588,October 7, 2016
12430637,October 8, 2016
12450980,October 9, 2016
12469343,October 10, 2016
12487280,October 11, 2016
12504771,October 12, 2016
12520875,October 13, 2016
12536810,October 14, 2016
12559632,October 15, 2016
12580184,October 16, 2016
12598486,October 17, 2016
12614268,October 18, 2016
12632654,October 19, 2016
12652727,October 20, 2016
12671196,October 21, 2016
12691630,October 22, 2016
12712057,October 23, 2016
12733089,October 24, 2016
12751806,October 25, 2016
12770304,October 26, 2016
12790075,October 27, 2016
12814111,October 28, 2016
12833531,October 29, 2016
12857159,October 30, 2016
12879291,October 31, 2016
12901508,November 1, 2016
12922047,November 2, 2016
12935167,November 3, 2016
12955056,November 4, 2016
12978002,November 5, 2016
13001894,November 6, 2016
13026761,November 7, 2016
13050373,November 8, 2016
13073491,November 9, 2016
13096692,November 10, 2016
13120017,November 11, 2016
13144042,November 12, 2016
13167301,November 13, 2016
13189770,November 14, 2016
13211361,November 15, 2016
13232435,November 16, 2016
13254784,November 17, 2016
13277945,November 18, 2016
13300878,November 19, 2016
13325760,November 20, 2016
13349978,November 21, 2016
13371519,November 22, 2016
13394095,November 23, 2016
13416738,November 24, 2016
13441493,November 25, 2016
13465834,November 26, 2016
13491863,November 27, 2016
13516429,November 28, 2016
13539517,November 29, 2016
13566094,November 30, 2016
13591946,December 1, 2016
13618187,December 2, 2016
13646864,December 3, 2016
13675766,December 4, 2016
13703765,December 5, 2016
13729016,December 6, 2016
13751544,December 7, 2016
13777061,December 8, 2016
13803745,December 9, 2016
13825624,December 10, 2016
13851180,December 11, 2016
13875509,December 12, 2016
13894607,December 13, 2016
13915676,December 14, 2016
13944642,December 15, 2016
13979525,December 16, 2016
14008480,December 17, 2016
14038374,December 18, 2016
14067806,December 19, 2016
14093645,December 20, 2016
14120283,December 21, 2016
14149113,December 22, 2016
14175267,December 23, 2016
14205857,December 24, 2016
14233460,December 25, 2016
14259952,December 26, 2016
14284592,December 27, 2016
14310860,December 28, 2016
14336348,December 29, 2016
14364452,December 30, 2016
14392262,December 31, 2016
14423840,January 1, 2017
14451899,January 2, 2017
14478241,January 3, 2017
14504270,January 4, 2017
14531042,January 5, 2017
14556622,January 6, 2017
14595138,January 7, 2017
14630911,January 8, 2017
14660968,January 9, 2017
14686895,January 10, 2017
14712081,January 11, 2017
14737524,January 12, 2017
14761350,January 13, 2017
14791417,January 14, 2017
14819694,January 15, 2017
14847065,January 16, 2017
14873035,January 17, 2017
14895331,January 18, 2017
14921041,January 19, 2017
14947771,January 20, 2017
14978475,January 21, 2017
15001166,January 22, 2017
15027726,January 23, 2017
15050033,January 24, 2017
15075302,January 25, 2017
15102556,January 26, 2017
15121102,January 27, 2017
15151226,January 28, 2017
15182125,January 29, 2017
15209647,January 30, 2017
15234021,January 31, 2017
15259135,February 1, 2017
15285376,February 2, 2017
15312686,February 3, 2017
15338254,February 4, 2017
15367052,February 5, 2017
15391477,February 6, 2017
15424726,February 7, 2017
15453925,February 8, 2017
15483187,February 9, 2017
15512567,February 10, 2017
15545703,February 11, 2017
15589138,February 12, 2017
15626840,February 13, 2017
15657381,February 14, 2017
15695075,February 15, 2017
15724940,February 16, 2017
15760642,February 17, 2017
15796378,February 18, 2017
15832050,February 19, 2017
15866667,February 20, 2017
15898985,February 21, 2017
15930587,February 22, 2017
15966740,February 23, 2017
16000639,February 24, 2017
16034369,February 25, 2017
16067569,February 26, 2017
16101350,February 27, 2017
16132157,February 28, 2017
16162870,March 1, 2017
16191269,March 2, 2017
16223216,March 3, 2017
16256261,March 4, 2017
16292881,March 5, 2017
16326413,March 6, 2017
16359891,March 7, 2017
16394641,March 8, 2017
16426699,March 9, 2017
16460843,March 10, 2017
16496543,March 11, 2017
16537823,March 12, 2017
16585825,March 13, 2017
16629744,March 14, 2017
16670250,March 15, 2017
16708019,March 16, 2017
16754565,March 17, 2017
16794019,March 18, 2017
16831199,March 19, 2017
16868703,March 20, 2017
16903500,March 21, 2017
16936971,March 22, 2017
16971727,March 23, 2017
17010568,March 24, 2017
17048587,March 25, 2017
17088677,March 26, 2017
17129414,March 27, 2017
17165764,March 28, 2017
17202770,March 29, 2017
17245614,March 30, 2017
17286132,March 31, 2017
17329384,April 1, 2017
17373988,April 2, 2017
17418371,April 3, 2017
17458167,April 4, 2017
17495790,April 5, 2017
17531442,April 6, 2017
17568853,April 7, 2017
17607778,April 8, 2017
17649624,April 9, 2017
17690091,April 10, 2017
17726569,April 11, 2017
17761808,April 12, 2017
17798590,April 13, 2017
17836607,April 14, 2017
17875458,April 15, 2017
17915253,April 16, 2017
17955205,April 17, 2017
18002717,April 18, 2017
18046630,April 19, 2017
18084332,April 20, 2017
18124485,April 21, 2017
18167485,April 22, 2017
18212689,April 23, 2017
18255812,April 24, 2017
18289961,April 25, 2017
18327854,April 26, 2017
18361069,April 27, 2017
18400260,April 28, 2017
18438688,April 29, 2017
18478579,April 30, 2017
18518541,May 1, 2017
18555901,May 2, 2017
18587550,May 3, 2017
18622223,May 4, 2017
18656681,May 5, 2017
18692391,May 6, 2017
18727417,May 7, 2017
18764064,May 8, 2017
18793719,May 9, 2017
18827663,May 10, 2017
18864265,May 11, 2017
18894235,May 12, 2017
18926923,May 13, 2017
18961126,May 14, 2017
18995014,May 15, 2017
19030682,May 16, 2017
19067138,May 17, 2017
19098038,May 18, 2017
19132112,May 19, 2017
19166038,May 20, 2017
19202740,May 21, 2017
19237395,May 22, 2017
19278003,May 23, 2017
19316505,May 24, 2017
19355606,May 25, 2017
19392185,May 26, 2017
19421226,May 27, 2017
19453106,May 28, 2017
19482311,May 29, 2017
19510208,May 30, 2017
19540662,May 31, 2017
19574658,June 1, 2017
19608557,June 2, 2017
19642893,June 3, 2017
19677942,June 4, 2017
19710937,June 5, 2017
19741022,June 6, 2017
19774321,June 7, 2017
19805908,June 8, 2017
19839647,June 9, 2017
19876923,June 10, 2017
19914076,June 11, 2017
19951219,June 12, 2017
19980181,June 13, 2017
20024359,June 14, 2017
20062743,June 15, 2017
20101918,June 16, 2017
20142209,June 17, 2017
20181629,June 18, 2017
20215386,June 19, 2017
20253182,June 20, 2017
20292802,June 21, 2017
20334081,June 22, 2017
20375833,June 23, 2017
20415976,June 24, 2017
20455934,June 25, 2017
20498608,June 26, 2017
20537964,June 27, 2017
20581884,June 28, 2017
20625713,June 29, 2017
20670936,June 30, 2017
20715047,July 1, 2017
20760098,July 2, 2017
20800012,July 3, 2017
20841159,July 4, 2017
20891028,July 5, 2017
20938030,July 6, 2017
20983875,July 7, 2017
21028110,July 8, 2017
21076133,July 9, 2017
21124855,July 10, 2017
21174988,July 11, 2017
21214357,July 12, 2017
21255252,July 13, 2017
21302342,July 14, 2017
21353557,July 15, 2017
21407161,July 16, 2017
21454373,July 17, 2017
21506635,July 18, 2017
21558784,July 19, 2017
21609965,July 20, 2017
21669562,July 21, 2017
21723555,July 22, 2017
21779418,July 23, 2017
21833564,July 24, 2017
21887254,July 25, 2017
21952789,July 26, 2017
22007896,July 27, 2017
22063516,July 28, 2017
22117191,July 29, 2017
22172849,July 30, 2017
22228407,July 31, 2017
22261105,August 1, 2017
22309042,August 2, 2017
22355842,August 3, 2017
22408920,August 4, 2017
22465828,August 5, 2017
22513715,August 6, 2017
22569271,August 7, 2017
22620381,August 8, 2017
22675663,August 9, 2017
22728787,August 10, 2017
22787695,August 11, 2017
22844913,August 12, 2017
22900388,August 13, 2017
22953691,August 14, 2017
23007127,August 15, 2017
23058594,August 16, 2017
23107074,August 17, 2017
23159813,August 18, 2017
23218369,August 19, 2017
23273796,August 20, 2017
23326278,August 21, 2017
23373614,August 22, 2017
23419752,August 23, 2017
23468078,August 24, 2017
23518216,August 25, 2017
23573439,August 26, 2017
23625257,August 27, 2017
23675270,August 28, 2017
23717069,August 29, 2017
23763054,August 30, 2017
23810092,August 31, 2017
23861346,September 1, 2017
23913707,September 2, 2017
23966787,September 3, 2017
24023456,September 4, 2017
24076158,September 5, 2017
24125857,September 6, 2017
24171213,September 7, 2017
24222569,September 8, 2017
24272990,September 9, 2017
24323397,September 10, 2017
24379053,September 11, 2017
24424525,September 12, 2017
24471367,September 13, 2017
24515889,September 14, 2017
24565680,September 15, 2017
24615994,September 16, 2017
24670905,September 17, 2017
24726162,September 18, 2017
24773355,September 19, 2017
24821546,September 20, 2017
24871274,September 21, 2017
24917351,September 22, 2017
24965691,September 23, 2017
25014887,September 24, 2017
25066017,September 25, 2017
25114348,September 26, 2017
25161950,September 27, 2017
25209493,September 28, 2017
25260425,September 29, 2017
25320701,September 30, 2017
25374309,October 1, 2017
25427493,October 2, 2017
25481886,October 3, 2017
25527979,October 4, 2017
25583188,October 5, 2017
25636731,October 6, 2017
25688606,October 7, 2017
25741076,October 8, 2017
25796235,October 9, 2017
25845417,October 10, 2017
25890165,October 11, 2017
25941658,October 12, 2017
25991563,October 13, 2017
26045933,October 14, 2017
26105712,October 15, 2017
26164655,October 16, 2017
26216516,October 17, 2017
26276128,October 18, 2017
26334383,October 19, 2017
26392049,October 20, 2017
26451494,October 21, 2017
26512923,October 22, 2017
26570048,October 23, 2017
26619882,October 24, 2017
26667520,October 25, 2017
26732780,October 26, 2017
26794576,October 27, 2017
26853352,October 28, 2017
26913943,October 29, 2017
26976955,October 30, 2017
27026897,October 31, 2017
27077570,November 1, 2017
27132154,November 2, 2017
27185897,November 3, 2017
27242280,November 4, 2017
27296182,November 5, 2017
27355783,November 6, 2017
27405053,November 7, 2017
27455766,November 8, 2017
27506671,November 9, 2017
27557972,November 10, 2017
27615029,November 11, 2017
27678970,November 12, 2017
27740271,November 13, 2017
27793173,November 14, 2017
27847967,November 15, 2017
27901751,November 16, 2017
27951858,November 17, 2017
28011652,November 18, 2017
28071755,November 19, 2017
28131777,November 20, 2017
28184509,November 21, 2017
28243374,November 22, 2017
28308911,November 23, 2017
28366302,November 24, 2017
28427492,November 25, 2017
28490829,November 26, 2017
28554874,November 27, 2017
28609024,November 28, 2017
28669513,November 29, 2017
28727646,November 30, 2017
28787845,December 1, 2017
28851430,December 2, 2017
28920334,December 3, 2017
28985121,December 4, 2017
29044054,December 5, 2017
29100017,December 6, 2017
29162433,December 7, 2017
29214562,December 8, 2017
29281626,December 9, 2017
29336203,December 10, 2017
29414052,December 11, 2017
29466183,December 12, 2017
29529132,December 13, 2017
29592054,December 14, 2017
29692911,December 15, 2017
29770433,December 16, 2017
29825038,December 17, 2017
29908211,December 18, 2017
29996863,December 19, 2017
30051231,December 20, 2017
30157826,December 21, 2017
30243662,December 22, 2017
30306094,December 23, 2017
30407140,December 24, 2017
30494958,December 25, 2017
30595297,December 26, 2017
30708601,December 27, 2017
30808794,December 28, 2017
30897093,December 29, 2017
30970548,December 30, 2017
31088218,December 31, 2017
31190110,January 1, 2018
31279498,January 2, 2018
31362850,January 3, 2018
31451522,January 4, 2018
31508809,January 5, 2018
31583680,January 6, 2018
31697015,January 7, 2018
31785473,January 8, 2018
31871887,January 9, 2018
31937689,January 10, 2018
32014354,January 11, 2018
32126745,January 12, 2018
32192796,January 13, 2018
32316179,January 14, 2018
32410608,January 15, 2018
32468474,January 16, 2018
32585574,January 17, 2018
32653530,January 18, 2018
32776911,January 19, 2018
32868820,January 20, 2018
32990907,January 21, 2018
33082835,January 22, 2018
33172030,January 23, 2018
33257467,January 24, 2018
33370442,January 25, 2018
33482214,January 26, 2018
33557614,January 27, 2018
33664822,January 28, 2018
33783469,January 29, 2018
33885484,January 30, 2018
33967207,January 31, 2018
34103544,February 1, 2018
34204992,February 2, 2018
34310508,February 3, 2018
34411220,February 4, 2018
34530045,February 5, 2018
34618088,February 6, 2018
34736324,February 7, 2018
34839635,February 8, 2018
34941687,February 9, 2018
35045836,February 10, 2018
35149318,February 11, 2018
35252448,February 12, 2018
35345181,February 13, 2018
35434155,February 14, 2018
35513850,February 15, 2018
35635962,February 16, 2018
35726320,February 17, 2018
35849714,February 18, 2018
35944092,February 19, 2018
36046455,February 20, 2018
36143060,February 21, 2018
36244669,February 22, 2018
36339215,February 23, 2018
36466554,February 24, 2018
36582171,February 25, 2018
36684535,February 26, 2018
36788509,February 27, 2018
36888505,February 28, 2018
36973824,March 1, 2018
37127139,March 2, 2018
37259456,March 3, 2018
37391613,March 4, 2018
37458596,March 5, 2018
37612267,March 6, 2018
37710035,March 7, 2018
37812495,March 8, 2018
37915615,March 9, 2018
38049596,March 10, 2018
38156429,March 11, 2018
38281517,March 12, 2018
38384420,March 13, 2018
38491343,March 14, 2018
38603742,March 15, 2018
38714235,March 16, 2018
38817384,March 17, 2018
38927255,March 18, 2018
39034578,March 19, 2018
39155668,March 20, 2018
39282185,March 21, 2018
39406748,March 22, 2018
39528548,March 23, 2018
39647521,March 24, 2018
39701318,March 25, 2018
39820678,March 26, 2018
39940082,March 27, 2018
40062681,March 28, 2018
40189660,March 29, 2018
40242666,March 30, 2018
40359829,March 31, 2018
40474757,April 1, 2018
40583860,April 2, 2018
40699086,April 3, 2018
40804385,April 4, 2018
40930579,April 5, 2018
41040143,April 6, 2018
41151335,April 7, 2018
41257070,April 8, 2018
41363294,April 9, 2018
41462493,April 10, 2018
41516374,April 11, 2018
41652682,April 12, 2018
41721859,April 13, 2018
41837583,April 14, 2018
41963262,April 15, 2018
42073675,April 16, 2018
42173701,April 17, 2018
42243803,April 18, 2018
42389074,April 19, 2018
42507703,April 20, 2018
42562338,April 21, 2018
42689427,April 22, 2018
42792926,April 23, 2018
42889306,April 24, 2018
43027205,April 25, 2018
43094023,April 26, 2018
43212916,April 27, 2018
43385930,April 28, 2018
43509509,April 29, 2018
43573819,April 30, 2018
43699202,May 1, 2018
43817050,May 2, 2018
43947623,May 3, 2018
44006253,May 4, 2018
44114963,May 5, 2018
44261200,May 6, 2018
44366620,May 7, 2018
44463837,May 8, 2018
44566453,May 9, 2018
44681476,May 10, 2018
44817783,May 11, 2018
44864559,May 12, 2018
45008465,May 13, 2018
45148301,May 14, 2018
45255744,May 15, 2018
45311180,May 16, 2018
45458293,May 17, 2018
45521616,May 18, 2018
45633179,May 19, 2018
45740642,May 20, 2018
45842142,May 21, 2018
45896951,May 22, 2018
46000343,May 23, 2018
46127893,May 24, 2018
46242387,May 25, 2018
46300446,May 26, 2018
46434171,May 27, 2018
46562694,May 28, 2018
46666645,May 29, 2018
46766123,May 30, 2018
46863221,May 31, 2018
46960689,June 1, 2018
47056720,June 2, 2018
47188808,June 3, 2018
47298409,June 4, 2018
47397688,June 5, 2018
47489360,June 6, 2018
47680149,June 7, 2018
47821270,June 8, 2018
47944174,June 9, 2018
48083041,June 10, 2018
48185119,June 11, 2018
48335759,June 12, 2018
48445917,June 13, 2018
48555292,June 14, 2018
48664533,June 15, 2018
48778034,June 16, 2018
48902120,June 17, 2018
49031036,June 18, 2018
49147740,June 19, 2018
49270425,June 20, 2018
49396432,June 21, 2018
49480215,June 22, 2018
49599949,June 23, 2018
49752816,June 24, 2018
49852748,June 25, 2018
49961027,June 26, 2018
50080468,June 27, 2018
50207385,June 28, 2018
50385507,June 29, 2018
50553927,June 30, 2018
50712972,July 1, 2018
50859534,July 2, 2018
50984067,July 3, 2018
51109824,July 4, 2018
51274812,July 5, 2018
51448764,July 6, 2018
51615024,July 7, 2018
51762917,July 8, 2018
51946630,July 9, 2018
52045241,July 10, 2018
52266122,July 11, 2018
52414007,July 12, 2018
52582956,July 13, 2018
52742938,July 14, 2018
52900905,July 15, 2018
53054242,July 16, 2018
53189575,July 17, 2018
53312906,July 18, 2018
53468926,July 19, 2018
53621963,July 20, 2018
53767557,July 21, 2018
53914669,July 22, 2018
54057460,July 23, 2018
54191030,July 24, 2018
54326029,July 25, 2018
54486464,July 26, 2018
54642072,July 27, 2018
54789654,July 28, 2018
54941150,July 29, 2018
55090953,July 30, 2018
55221257,July 31, 2018
55357295,August 1, 2018
55488602,August 2, 2018
55626952,August 3, 2018
55769047,August 4, 2018
55919870,August 5, 2018
56067803,August 6, 2018
56200616,August 7, 2018
56331851,August 8, 2018
56467506,August 9, 2018
56609079,August 10, 2018
56759927,August 11, 2018
56912375,August 12, 2018
57061983,August 13, 2018
57192923,August 14, 2018
57334688,August 15, 2018
57480125,August 16, 2018
57622325,August 17, 2018
57779295,August 18, 2018
57939187,August 19, 2018
58077089,August 20, 2018
58210274,August 21, 2018
58356519,August 22, 2018
58519670,August 23, 2018
58678689,August 24, 2018
58844746,August 25, 2018
59021897,August 26, 2018
59184404,August 27, 2018
59321410,August 28, 2018
59460008,August 29, 2018
59603850,August 30, 2018
59755926,August 31, 2018
59912446,September 1, 2018
60078205,September 2, 2018
60239804,September 3, 2018
60389183,September 4, 2018
60527598,September 5, 2018
60676011,September 6, 2018
60827792,September 7, 2018
60990806,September 8, 2018
61169053,September 9, 2018
61339849,September 10, 2018
61491995,September 11, 2018
61633596,September 12, 2018
61792572,September 13, 2018
61942291,September 14, 2018
62087269,September 15, 2018
62234827,September 16, 2018
62384007,September 17, 2018
62517634,September 18, 2018
62640159,September 19, 2018
62756903,September 20, 2018
62884731,September 21, 2018
63004874,September 22, 2018
63130362,September 23, 2018
63254460,September 24, 2018
63355640,September 25, 2018
63464295,September 26, 2018
63581451,September 27, 2018
63696185,September 28, 2018
63822295,September 29, 2018
63945334,September 30, 2018
64068230,October 1, 2018
64177126,October 2, 2018
64297759,October 3, 2018
64405133,October 4, 2018
64515387,October 5, 2018
64625363,October 6, 2018
64746480,October 7, 2018
64870966,October 8, 2018
64974935,October 9, 2018
65079367,October 10, 2018
65187607,October 11, 2018
65292362,October 12, 2018
65446795,October 13, 2018
65561913,October 14, 2018
65687809,October 15, 2018
65826083,October 16, 2018
65967973,October 17, 2018
66125556,October 18, 2018
66275784,October 19, 2018
66417627,October 20, 2018
66556282,October 21, 2018
66695893,October 22, 2018
66814775,October 23, 2018
66936192,October 24, 2018
67057045,October 25, 2018
67179889,October 26, 2018
67320067,October 27, 2018
67493455,October 28, 2018
67646913,October 29, 2018
67790319,October 30, 2018
67922425,October 31, 2018
68067612,November 1, 2018
68200722,November 2, 2018
68334290,November 3, 2018
68477191,November 4, 2018
68631175,November 5, 2018
68770472,November 6, 2018
68908986,November 7, 2018
69054976,November 8, 2018
69206862,November 9, 2018
69366776,November 10, 2018
69535072,November 11, 2018
69685038,November 12, 2018
69813722,November 13, 2018
69951601,November 14, 2018
70077906,November 15, 2018
70223290,November 16, 2018
70355186,November 17, 2018
70488329,November 18, 2018
70623833,November 19, 2018
70752646,November 20, 2018
70882863,November 21, 2018
71019417,November 22, 2018
71158106,November 23, 2018
71340452,November 24, 2018
71507750,November 25, 2018
71672677,November 26, 2018
71819105,November 27, 2018
71994084,November 28, 2018
72164286,November 29, 2018
72343112,November 30, 2018
72549954,December 1, 2018
72796198,December 2, 2018
73121156,December 3, 2018
73423212,December 4, 2018
73733076,December 5, 2018
73991264,December 6, 2018
74218222,December 7, 2018
74446834,December 8, 2018
74645752,December 9, 2018
74832084,December 10, 2018
74995801,December 11, 2018
75133890,December 12, 2018
75291912,December 13, 2018
75456205,December 14, 2018
75400353,December 15, 2018
75577098,December 16, 2018
75734172,December 17, 2018
75873529,December 18, 2018
76012307,December 19, 2018
76164012,December 20, 2018
76313244,December 21, 2018
76413553,December 22, 2018
76715475,December 23, 2018
76896512,December 24, 2018
77057568,December 25, 2018
77222406,December 26, 2018
77398080,December 27, 2018
77558567,December 28, 2018
77703224,December 29, 2018
77856526,December 30, 2018
78009530,December 31, 2018
78177185,January 1, 2019
78356428,January 2, 2019
78529345,January 3, 2019
78696514,January 4, 2019
78864021,January 5, 2019
79038575,January 6, 2019
79214948,January 7, 2019
79367167,January 8, 2019
79511986,January 9, 2019
79677368,January 10, 2019
79831413,January 11, 2019
79995537,January 12, 2019
80166032,January 13, 2019
80341778,January 14, 2019
80507248,January 15, 2019
80658207,January 16, 2019
80821569,January 17, 2019
80979240,January 18, 2019
81131355,January 19, 2019
81301467,January 20, 2019
81488509,January 21, 2019
81661609,January 22, 2019
81828997,January 23, 2019
81981191,January 24, 2019
82141066,January 25, 2019
82314090,January 26, 2019
82487768,January 27, 2019
82646420,January 28, 2019
82791417,January 29, 2019
82928917,January 30, 2019
83062876,January 31, 2019
83196167,February 1, 2019
83338766,February 2, 2019
83502074,February 3, 2019
83711253,February 4, 2019
83896257,February 5, 2019
84076702,February 6, 2019
84234956,February 7, 2019
84397520,February 8, 2019
84550375,February 9, 2019
84720853,February 10, 2019
84901520,February 11, 2019
85048313,February 12, 2019
85198663,February 13, 2019
85398479,February 14, 2019
85557039,February 15, 2019
85699411,February 16, 2019
85843567,February 17, 2019
85991326,February 18, 2019
86119579,February 19, 2019
86273181,February 20, 2019
86411130,February 21, 2019
86544176,February 22, 2019
86703086,February 23, 2019
86846704,February 24, 2019
86984082,February 25, 2019
87105578,February 26, 2019
87213413,February 27, 2019
87322896,February 28, 2019
87436624,March 1, 2019
87553797,March 2, 2019
87693573,March 3, 2019
87854872,March 4, 2019
87977123,March 5, 2019
88093734,March 6, 2019
88224307,March 7, 2019
88357406,March 8, 2019
88486902,March 9, 2019
88638304,March 10, 2019
88771204,March 11, 2019
88938786,March 12, 2019
89108376,March 13, 2019
89266439,March 14, 2019
89412868,March 15, 2019
89563193,March 16, 2019
89712734,March 17, 2019
89875819,March 18, 2019
90040347,March 19, 2019
90218170,March 20, 2019
90438126,March 21, 2019
90678459,March 22, 2019
90882123,March 23, 2019
91041786,March 24, 2019
91195511,March 25, 2019
91334332,March 26, 2019
91469385,March 27, 2019
91602843,March 28, 2019
91740377,March 29, 2019
91857418,March 30, 2019
91975698,March 31, 2019
92100754,April 1, 2019
92240037,April 2, 2019
92387469,April 3, 2019
92525909,April 4, 2019
92655239,April 5, 2019
92774291,April 6, 2019
92901208,April 7, 2019
93062762,April 8, 2019
93223840,April 9, 2019
93374850,April 10, 2019
93531729,April 11, 2019
93683568,April 12, 2019
93840529,April 13, 2019
94008689,April 14, 2019
94229526,April 15, 2019
94357493,April 16, 2019
94484043,April 17, 2019
94607815,April 18, 2019
94736883,April 19, 2019
94913801,April 20, 2019
95071305,April 21, 2019
95215865,April 22, 2019
95390210,April 23, 2019
95542712,April 24, 2019
95693414,April 25, 2019
95861665,April 26, 2019
96006737,April 27, 2019
96148464,April 28, 2019
96281173,April 29, 2019
96405668,April 30, 2019
96534584,May 1, 2019
96667875,May 2, 2019
96791975,May 3, 2019
96914085,May 4, 2019
97042148,May 5, 2019
97182546,May 6, 2019
97310343,May 7, 2019
97430454,May 8, 2019
