28025365,June 28, 2014
28057492,June 29, 2014
28091440,June 30, 2014
28126920,July 1, 2014
28159076,July 2, 2014
28204568,July 4, 2014
28235431,July 5, 2014
28266794,July 6, 2014
28301335,July 7, 2014
28334819,July 8, 2014
28367877,July 9, 2014
28400627,July 10, 2014
28431279,July 11, 2014
28464090,July 12, 2014
28495667,July 13, 2014
28528566,July 14, 2014
28565060,July 15, 2014
28600447,July 16, 2014
28629419,July 17, 2014
28662303,July 18, 2014
28697078,July 19, 2014
28732004,July 20, 2014
28769808,July 21, 2014
28809390,July 22, 2014
28845901,July 23, 2014
28882663,July 24, 2014
28917834,July 25, 2014
28966105,July 26, 2014
29008829,July 27, 2014
29045451,July 28, 2014
29087584,July 29, 2014
29130125,July 30, 2014
29175173,July 31, 2014
29217030,August 1, 2014
29256012,August 2, 2014
29293073,August 3, 2014
29331686,August 4, 2014
29370866,August 5, 2014
29406418,August 6, 2014
29446984,August 7, 2014
29483818,August 8, 2014
29522072,August 9, 2014
29559777,August 10, 2014
29598787,August 11, 2014
29636601,August 12, 2014
29673471,August 13, 2014
29706228,August 14, 2014
29739230,August 15, 2014
29773051,August 16, 2014
29808209,August 17, 2014
29844341,August 18, 2014
29877217,August 19, 2014
29910978,August 20, 2014
29946935,August 21, 2014
29982115,August 22, 2014
30020419,August 23, 2014
30055875,August 24, 2014
30090774,August 25, 2014
30105052,August 26, 2014
30137633,August 27, 2014
30177075,August 28, 2014
30211105,August 29, 2014
30248817,August 30, 2014
30290869,August 31, 2014
30328632,September 1, 2014
30356194,September 2, 2014
30386890,September 3, 2014
30415257,September 4, 2014
30446916,September 5, 2014
30479827,September 6, 2014
30508988,September 7, 2014
30535458,September 8, 2014
30560362,September 9, 2014
30583864,September 10, 2014
30606658,September 11, 2014
30626918,September 12, 2014
30653745,September 13, 2014
30683718,September 14, 2014
30707030,September 15, 2014
30730427,September 16, 2014
30753023,September 17, 2014
30774687,September 18, 2014
30796218,September 19, 2014
30825605,September 20, 2014
30857734,September 21, 2014
30882834,September 22, 2014
30906406,September 23, 2014
30931665,September 24, 2014
30956006,September 25, 2014
30978710,September 26, 2014
31010827,September 27, 2014
31045063,September 28, 2014
31073242,September 29, 2014
31098164,September 30, 2014
31122214,October 1, 2014
31145049,October 2, 2014
31169657,October 3, 2014
31195138,October 4, 2014
31222047,October 5, 2014
31245365,October 6, 2014
31269772,October 7, 2014
31293242,October 8, 2014
31318651,October 9, 2014
31342211,October 10, 2014
31367345,October 11, 2014
31393850,October 12, 2014
31415128,October 13, 2014
31438235,October 14, 2014
31462690,October 15, 2014
31486432,October 16, 2014
31510738,October 17, 2014
31540125,October 18, 2014
31569081,October 19, 2014
31594934,October 20, 2014
31618831,October 21, 2014
31639251,October 22, 2014
31660838,October 23, 2014
31683572,October 24, 2014
31710110,October 25, 2014
31742296,October 26, 2014
31769765,October 27, 2014
31794655,October 28, 2014
31815900,October 29, 2014
31837008,October 30, 2014
31861940,October 31, 2014
31882178,November 1, 2014
31911822,November 2, 2014
31934737,November 3, 2014
31956139,November 4, 2014
31977389,November 5, 2014
32000826,November 6, 2014
32022612,November 7, 2014
32048872,November 8, 2014
32073793,November 9, 2014
32093789,November 10, 2014
32111453,November 11, 2014
32157573,November 13, 2014
32179845,November 14, 2014
32191147,November 15, 2014
32218874,November 16, 2014
32247139,November 17, 2014
32270233,November 18, 2014
32289943,November 19, 2014
32309682,November 20, 2014
32328477,November 21, 2014
32348310,November 22, 2014
32374946,November 23, 2014
32400949,November 24, 2014
32422929,November 25, 2014
32445026,November 26, 2014
32467111,November 27, 2014
32485218,November 28, 2014
32507999,November 29, 2014
32532423,November 30, 2014
32558913,December 1, 2014
32489780,December 2, 2014
32513106,December 3, 2014
32537786,December 4, 2014
32560463,December 5, 2014
32586002,December 6, 2014
32613299,December 7, 2014
32640880,December 8, 2014
32663312,December 9, 2014
32686945,December 10, 2014
32713162,December 11, 2014
32735695,December 12, 2014
32760803,December 13, 2014
32789971,December 14, 2014
32818127,December 15, 2014
32837885,December 16, 2014
32860527,December 17, 2014
32884721,December 18, 2014
32906406,December 19, 2014
32931168,December 20, 2014
32955885,December 21, 2014
32984223,December 22, 2014
33010041,December 23, 2014
33036660,December 24, 2014
33066586,December 25, 2014
33107589,December 26, 2014
33136948,December 27, 2014
33174458,December 28, 2014
33205951,December 29, 2014
33238941,December 30, 2014
33269891,December 31, 2014
33296849,January 1, 2015
33325839,January 2, 2015
33356979,January 3, 2015
33393456,January 4, 2015
33429637,January 5, 2015
33457394,January 6, 2015
33485551,January 7, 2015
33511768,January 8, 2015
33534390,January 9, 2015
33560484,January 10, 2015
33593945,January 11, 2015
33627801,January 12, 2015
33653915,January 13, 2015
33684420,January 14, 2015
33715224,January 15, 2015
33743354,January 16, 2015
33767908,January 17, 2015
33801947,January 18, 2015
33836229,January 19, 2015
33868147,January 20, 2015
33890097,January 21, 2015
33915152,January 22, 2015
33941810,January 23, 2015
33966381,January 24, 2015
34002945,January 25, 2015
34039220,January 26, 2015
34068906,January 27, 2015
34095093,January 28, 2015
34123369,January 29, 2015
34143692,January 30, 2015
34171764,January 31, 2015
34206725,February 1, 2015
34236296,February 2, 2015
34265297,February 3, 2015
34291339,February 4, 2015
34314748,February 5, 2015
34339067,February 6, 2015
34359484,February 7, 2015
34390897,February 8, 2015
34424273,February 9, 2015
34446589,February 10, 2015
34471814,February 11, 2015
34503454,February 12, 2015
34525393,February 13, 2015
34547865,February 14, 2015
34577711,February 15, 2015
34608448,February 16, 2015
34636733,February 17, 2015
34659407,February 18, 2015
34680092,February 19, 2015
34701085,February 20, 2015
34723868,February 21, 2015
34751473,February 22, 2015
34776259,February 23, 2015
34799453,February 24, 2015
34824648,February 25, 2015
34843660,February 26, 2015
34864342,February 27, 2015
34886840,February 28, 2015
34913651,March 1, 2015
34941385,March 2, 2015
34963383,March 3, 2015
34988107,March 4, 2015
35016817,March 5, 2015
35040047,March 6, 2015
35069372,March 7, 2015
35104508,March 8, 2015
35134424,March 9, 2015
35161289,March 10, 2015
35185238,March 11, 2015
35208051,March 12, 2015
35227808,March 13, 2015
35250949,March 14, 2015
35285604,March 15, 2015
35314367,March 16, 2015
35336232,March 17, 2015
35358652,March 18, 2015
35380526,March 19, 2015
35400852,March 20, 2015
35420422,March 21, 2015
35449630,March 22, 2015
35485820,March 23, 2015
35511533,March 24, 2015
35531079,March 25, 2015
35551984,March 26, 2015
35581040,March 27, 2015
35596153,March 28, 2015
35621801,March 29, 2015
35646083,March 30, 2015
35668888,March 31, 2015
35695396,April 1, 2015
35720239,April 2, 2015
35744189,April 3, 2015
35769007,April 4, 2015
35794455,April 5, 2015
35816968,April 6, 2015
35840517,April 7, 2015
35865523,April 8, 2015
35889945,April 9, 2015
35910259,April 10, 2015
35930577,April 11, 2015
35953606,April 12, 2015
35976971,April 13, 2015
35998026,April 14, 2015
36017326,April 15, 2015
36034814,April 16, 2015
36051057,April 17, 2015
36070439,April 18, 2015
36096128,April 19, 2015
36121750,April 20, 2015
36146165,April 21, 2015
36169652,April 22, 2015
36188165,April 23, 2015
36202259,April 24, 2015
36217119,April 25, 2015
36238508,April 26, 2015
36261003,April 27, 2015
36280878,April 28, 2015
36301286,April 29, 2015
36319683,April 30, 2015
36333379,May 1, 2015
36349587,May 2, 2015
36372290,May 3, 2015
36398196,May 4, 2015
36418547,May 5, 2015
36437090,May 6, 2015
36455505,May 7, 2015
36474502,May 8, 2015
36493712,May 9, 2015
36517016,May 10, 2015
36542552,May 11, 2015
36561885,May 12, 2015
36579263,May 13, 2015
36594964,May 14, 2015
36607969,May 15, 2015
36621071,May 16, 2015
36640455,May 17, 2015
36660389,May 18, 2015
36676848,May 19, 2015
36692392,May 20, 2015
36709026,May 21, 2015
36724445,May 22, 2015
36741135,May 23, 2015
36761404,May 24, 2015
36781124,May 25, 2015
36803180,May 26, 2015
36823653,May 27, 2015
36840084,May 28, 2015
36860577,May 29, 2015
36881069,May 30, 2015
36902916,May 31, 2015
36933713,June 1, 2015
36961459,June 2, 2015
36984151,June 3, 2015
37008496,June 4, 2015
37028968,June 5, 2015
37042575,June 6, 2015
37065598,June 7, 2015
37089051,June 8, 2015
37112357,June 9, 2015
37135336,June 10, 2015
37155674,June 11, 2015
37176430,June 12, 2015
37197072,June 13, 2015
37218055,June 14, 2015
37241103,June 15, 2015
37264194,June 16, 2015
37284099,June 17, 2015
37305333,June 18, 2015
37328222,June 19, 2015
37349822,June 20, 2015
37368723,June 21, 2015
37391678,June 22, 2015
37415628,June 23, 2015
37440406,June 24, 2015
37463589,June 25, 2015
37484749,June 26, 2015
37507258,June 27, 2015
37529068,June 28, 2015
37552782,June 29, 2015
37575631,June 30, 2015
37597365,July 1, 2015
37618053,July 2, 2015
37635377,July 3, 2015
37655765,July 4, 2015
37674632,July 5, 2015
37694150,July 6, 2015
37719086,July 7, 2015
37754460,July 8, 2015
37802671,July 9, 2015
37844004,July 10, 2015
37878176,July 11, 2015
37906338,July 12, 2015
37930125,July 13, 2015
37955261,July 14, 2015
37977116,July 15, 2015
38002465,July 16, 2015
38022698,July 17, 2015
38044276,July 18, 2015
38069854,July 19, 2015
38097138,July 20, 2015
38108105,July 21, 2015
38135842,July 22, 2015
38160011,July 23, 2015
38183741,July 24, 2015
38211885,July 25, 2015
38239878,July 26, 2015
38266771,July 27, 2015
38295213,July 28, 2015
38324492,July 29, 2015
38349404,July 30, 2015
38374103,July 31, 2015
38400186,August 1, 2015
38422408,August 2, 2015
38445882,August 3, 2015
38472685,August 4, 2015
38495921,August 5, 2015
38516752,August 6, 2015
38536173,August 7, 2015
38552569,August 8, 2015
38569807,August 9, 2015
38587979,August 10, 2015
38607753,August 11, 2015
38625487,August 12, 2015
38644228,August 13, 2015
38661528,August 14, 2015
38674728,August 15, 2015
38688825,August 16, 2015
38704113,August 17, 2015
38723855,August 18, 2015
38743300,August 19, 2015
38764524,August 20, 2015
38785431,August 21, 2015
38805319,August 22, 2015
38822851,August 23, 2015
38838941,August 24, 2015
38858911,August 25, 2015
38878683,August 26, 2015
38899859,August 27, 2015
38922151,August 28, 2015
38943840,August 29, 2015
38967325,August 30, 2015
38988533,August 31, 2015
39009686,September 1, 2015
39017290,September 2, 2015
39056490,September 3, 2015
39083082,September 4, 2015
39108092,September 5, 2015
39137143,September 6, 2015
39163514,September 7, 2015
39185266,September 8, 2015
39211921,September 9, 2015
39234000,September 10, 2015
39251081,September 11, 2015
39269298,September 12, 2015
39289003,September 13, 2015
39309600,September 14, 2015
39331958,September 15, 2015
39351186,September 16, 2015
39367551,September 17, 2015
39380425,September 18, 2015
39394268,September 19, 2015
39415113,September 20, 2015
39437537,September 21, 2015
39455992,September 22, 2015
39473713,September 23, 2015
39491073,September 24, 2015
39507942,September 25, 2015
39526007,September 26, 2015
39546477,September 27, 2015
39563686,September 28, 2015
39577139,September 29, 2015
39589922,September 30, 2015
39602902,October 1, 2015
39617225,October 2, 2015
39636238,October 3, 2015
39654764,October 4, 2015
39680612,October 5, 2015
39698848,October 6, 2015
39716543,October 7, 2015
39730050,October 8, 2015
39741484,October 9, 2015
39756214,October 10, 2015
39774774,October 11, 2015
39789928,October 12, 2015
39806603,October 13, 2015
39821030,October 14, 2015
39836039,October 15, 2015
39855090,October 16, 2015
39868524,October 17, 2015
39889210,October 18, 2015
39905486,October 19, 2015
39920957,October 20, 2015
39939319,October 21, 2015
39956646,October 22, 2015
39973162,October 23, 2015
39991926,October 24, 2015
40018445,October 25, 2015
40044521,October 26, 2015
40064441,October 27, 2015
40082256,October 28, 2015
40101796,October 29, 2015
40116640,October 30, 2015
40136235,October 31, 2015
40155090,November 1, 2015
40178176,November 2, 2015
40197010,November 3, 2015
40183572,November 4, 2015
40213811,November 5, 2015
40229045,November 6, 2015
40245593,November 7, 2015
40269149,November 8, 2015
40287938,November 9, 2015
40303004,November 10, 2015
40317067,November 11, 2015
40333366,November 12, 2015
40347075,November 13, 2015
40362480,November 14, 2015
40382565,November 15, 2015
40404643,November 16, 2015
40421422,November 17, 2015
40436664,November 18, 2015
40450259,November 19, 2015
40463108,November 20, 2015
40476375,November 21, 2015
40494410,November 22, 2015
40511574,November 23, 2015
40526320,November 24, 2015
40540894,November 25, 2015
40555996,November 26, 2015
40571071,November 27, 2015
40586677,November 28, 2015
40606132,November 29, 2015
40626250,November 30, 2015
40642816,December 1, 2015
40658924,December 2, 2015
40675841,December 3, 2015
40690070,December 4, 2015
40702394,December 5, 2015
40715927,December 6, 2015
40731323,December 7, 2015
40739050,December 8, 2015
40752072,December 9, 2015
40771234,December 10, 2015
40790287,December 11, 2015
40806954,December 12, 2015
40828124,December 13, 2015
40851545,December 14, 2015
40879626,December 15, 2015
40899006,December 16, 2015
40914962,December 17, 2015
40933733,December 18, 2015
40951056,December 19, 2015
40974826,December 20, 2015
40995404,December 21, 2015
41018005,December 22, 2015
41041411,December 23, 2015
41066958,December 24, 2015
41093827,December 25, 2015
41120481,December 26, 2015
41143679,December 27, 2015
41173783,December 28, 2015
41203393,December 29, 2015
41230304,December 30, 2015
41267158,December 31, 2015
41297078,January 1, 2016
41327241,January 2, 2016
41356154,January 3, 2016
41389215,January 4, 2016
41417341,January 5, 2016
41442364,January 6, 2016
41461258,January 7, 2016
41481900,January 8, 2016
41502746,January 9, 2016
41526864,January 10, 2016
41549147,January 11, 2016
41568271,January 12, 2016
41579952,January 13, 2016
41592588,January 14, 2016
41612813,January 15, 2016
41635199,January 16, 2016
41657637,January 17, 2016
41679213,January 18, 2016
41699844,January 19, 2016
41716426,January 20, 2016
41733581,January 21, 2016
41738787,January 22, 2016
41760351,January 23, 2016
41783382,January 24, 2016
41803610,January 25, 2016
41820717,January 26, 2016
41838661,January 27, 2016
41855773,January 28, 2016
41873002,January 29, 2016
41889737,January 30, 2016
41890720,January 31, 2016
41905611,February 1, 2016
41916854,February 2, 2016
41930940,February 3, 2016
41951509,February 4, 2016
41963845,February 5, 2016
41981662,February 6, 2016
42004915,February 7, 2016
42025487,February 8, 2016
42041572,February 9, 2016
42057547,February 10, 2016
42084564,February 11, 2016
42121000,February 12, 2016
42151188,February 13, 2016
42185141,February 14, 2016
42215952,February 15, 2016
42247131,February 16, 2016
42273097,February 17, 2016
42256492,February 18, 2016
42275291,February 19, 2016
42294674,February 20, 2016
42324286,February 21, 2016
42351818,February 22, 2016
42378860,February 23, 2016
42405116,February 24, 2016
42427724,February 25, 2016
42445883,February 26, 2016
42469054,February 27, 2016
42495581,February 28, 2016
42516300,February 29, 2016
42535420,March 1, 2016
42545554,March 2, 2016
42558708,March 3, 2016
42572369,March 4, 2016
42595781,March 5, 2016
42614460,March 6, 2016
42627052,March 7, 2016
42644956,March 8, 2016
42648117,March 9, 2016
42659711,March 10, 2016
42709794,March 11, 2016
42708538,March 12, 2016
42732304,March 13, 2016
42759287,March 14, 2016
42774018,March 15, 2016
42796644,March 16, 2016
42809458,March 17, 2016
42828677,March 18, 2016
42848329,March 19, 2016
42847628,March 20, 2016
42856100,March 21, 2016
42875211,March 22, 2016
42895216,March 23, 2016
42914359,March 24, 2016
42934740,March 25, 2016
42955376,March 26, 2016
42980889,March 27, 2016
43002673,March 28, 2016
43025505,March 29, 2016
43052994,March 30, 2016
43070339,March 31, 2016
43077821,April 1, 2016
43097004,April 2, 2016
43123025,April 3, 2016
43145353,April 4, 2016
43162047,April 5, 2016
43169813,April 6, 2016
43202050,April 7, 2016
43197962,April 8, 2016
43215403,April 9, 2016
43226399,April 10, 2016
43242344,April 11, 2016
43256721,April 12, 2016
43267079,April 13, 2016
43285516,April 14, 2016
43300682,April 15, 2016
43319047,April 16, 2016
43349709,April 17, 2016
43368512,April 18, 2016
43381534,April 19, 2016
43402175,April 20, 2016
43423926,April 21, 2016
43440939,April 22, 2016
43463888,April 23, 2016
43491209,April 24, 2016
43516497,April 25, 2016
43538691,April 26, 2016
43562860,April 27, 2016
43594441,April 28, 2016
43608394,April 29, 2016
43634511,April 30, 2016
43666965,May 1, 2016
43703103,May 2, 2016
43727171,May 3, 2016
43746706,May 4, 2016
43771063,May 5, 2016
43805798,May 6, 2016
43838303,May 7, 2016
43871788,May 8, 2016
43924849,May 9, 2016
44002191,May 10, 2016
44050037,May 11, 2016
44095683,May 12, 2016
44127781,May 13, 2016
44156597,May 14, 2016
44190025,May 15, 2016
44208000,May 16, 2016
44229161,May 17, 2016
44252605,May 18, 2016
44269622,May 19, 2016
44288055,May 20, 2016
44307919,May 21, 2016
44332158,May 22, 2016
44357900,May 23, 2016
44387155,May 24, 2016
44413859,May 25, 2016
44438435,May 26, 2016
44481148,May 27, 2016
44551847,May 28, 2016
44625307,May 29, 2016
44689997,May 30, 2016
44737735,May 31, 2016
44783532,June 1, 2016
44845181,June 2, 2016
44894897,June 3, 2016
44945028,June 4, 2016
45010641,June 5, 2016
45069032,June 6, 2016
45113982,June 7, 2016
45156096,June 8, 2016
45194201,June 9, 2016
45234598,June 10, 2016
45273847,June 11, 2016
45321060,June 12, 2016
45371621,June 13, 2016
45413695,June 14, 2016
45533544,June 15, 2016
45584680,June 16, 2016
45627000,June 17, 2016
45673623,June 18, 2016
45748716,June 19, 2016
45813362,June 20, 2016
45870416,June 21, 2016
45920313,June 22, 2016
45962455,June 23, 2016
46002426,June 24, 2016
46037525,June 25, 2016
46075773,June 26, 2016
46120816,June 27, 2016
46172556,June 28, 2016
45613816,June 29, 2016
45719938,June 30, 2016
45744339,July 1, 2016
45801875,July 2, 2016
46007538,July 6, 2016
46015709,July 7, 2016
46051206,July 8, 2016
46086720,July 9, 2016
46124249,July 10, 2016
46163634,July 11, 2016
46199363,July 12, 2016
46237846,July 13, 2016
46284152,July 14, 2016
46334529,July 15, 2016
46376862,July 16, 2016
46409643,July 17, 2016
46443501,July 18, 2016
46479312,July 19, 2016
46515747,July 20, 2016
46547942,July 21, 2016
46583129,July 22, 2016
46617377,July 23, 2016
46641249,July 24, 2016
46675761,July 25, 2016
46705462,July 26, 2016
46737908,July 27, 2016
46777542,July 28, 2016
46817452,July 29, 2016
46852657,July 30, 2016
46892859,July 31, 2016
46928166,August 1, 2016
46967620,August 2, 2016
47004049,August 3, 2016
47023677,August 4, 2016
47051076,August 5, 2016
47038437,August 6, 2016
47048213,August 7, 2016
47066838,August 8, 2016
47092795,August 9, 2016
47115205,August 10, 2016
47135336,August 11, 2016
47155542,August 12, 2016
47177477,August 13, 2016
47183815,August 14, 2016
47202499,August 15, 2016
47226227,August 16, 2016
47256311,August 17, 2016
47285056,August 18, 2016
47306297,August 19, 2016
47332151,August 20, 2016
47358528,August 21, 2016
47386052,August 22, 2016
47414114,August 23, 2016
47442101,August 24, 2016
47468272,August 25, 2016
47490623,August 26, 2016
47516799,August 27, 2016
47538069,August 28, 2016
47561353,August 29, 2016
47576358,August 30, 2016
47592660,August 31, 2016
47612273,September 1, 2016
47645379,September 2, 2016
47681760,September 3, 2016
47717684,September 4, 2016
47750143,September 5, 2016
47776617,September 6, 2016
47793838,September 7, 2016
47811254,September 8, 2016
47830255,September 9, 2016
47851733,September 10, 2016
47875864,September 11, 2016
47893221,September 12, 2016
47909716,September 13, 2016
47927472,September 14, 2016
47930050,September 15, 2016
47941020,September 16, 2016
47955197,September 17, 2016
47973503,September 18, 2016
47989346,September 19, 2016
48002545,September 20, 2016
48016845,September 21, 2016
48029322,September 22, 2016
48036396,September 23, 2016
48050105,September 24, 2016
48066331,September 25, 2016
48086617,September 26, 2016
48100963,September 27, 2016
48112929,September 28, 2016
48117962,September 29, 2016
48129609,September 30, 2016
48149169,October 1, 2016
48173325,October 2, 2016
48199999,October 3, 2016
48221337,October 4, 2016
48243308,October 5, 2016
48265199,October 6, 2016
48288266,October 7, 2016
48315224,October 8, 2016
48346468,October 9, 2016
48377642,October 10, 2016
48407818,October 11, 2016
48439616,October 12, 2016
48473346,October 13, 2016
48503717,October 14, 2016
48529723,October 15, 2016
48565936,October 16, 2016
48605072,October 17, 2016
48637148,October 18, 2016
48664260,October 19, 2016
48680187,October 20, 2016
48706728,October 21, 2016
48744074,October 22, 2016
48769797,October 23, 2016
48804146,October 24, 2016
48832979,October 25, 2016
48859529,October 26, 2016
48878245,October 27, 2016
48897485,October 28, 2016
48913801,October 29, 2016
48943280,October 30, 2016
48978318,October 31, 2016
48995808,November 1, 2016
49016023,November 2, 2016
49010346,November 3, 2016
49027070,November 4, 2016
49046339,November 5, 2016
49071592,November 6, 2016
49091338,November 7, 2016
49103830,November 8, 2016
49118663,November 9, 2016
49122806,November 10, 2016
49129235,November 11, 2016
49139828,November 12, 2016
49151678,November 13, 2016
49166151,November 14, 2016
49175204,November 15, 2016
49180354,November 16, 2016
49190497,November 17, 2016
49202256,November 18, 2016
49213376,November 19, 2016
49227886,November 20, 2016
49243062,November 21, 2016
49255630,November 22, 2016
49268086,November 23, 2016
49274791,November 24, 2016
49287788,November 25, 2016
49298042,November 26, 2016
49317237,November 27, 2016
49333022,November 28, 2016
49344688,November 29, 2016
49355445,November 30, 2016
49364266,December 1, 2016
49375620,December 2, 2016
49419539,December 3, 2016
49528430,December 4, 2016
49611898,December 5, 2016
49686604,December 6, 2016
49771483,December 7, 2016
49882786,December 8, 2016
50060105,December 9, 2016
50208201,December 10, 2016
50384899,December 11, 2016
50503271,December 12, 2016
50578481,December 13, 2016
50622477,December 14, 2016
50658726,December 15, 2016
50684920,December 16, 2016
50716898,December 17, 2016
50752265,December 18, 2016
50843787,December 19, 2016
50951323,December 20, 2016
51094268,December 21, 2016
51199468,December 22, 2016
51263016,December 23, 2016
51380708,December 24, 2016
51446392,December 25, 2016
51495384,December 26, 2016
51548223,December 27, 2016
51605096,December 28, 2016
51657992,December 29, 2016
51702719,December 30, 2016
51743367,December 31, 2016
51782555,January 1, 2017
51814998,January 2, 2017
51848231,January 3, 2017
51912141,January 4, 2017
51954938,January 5, 2017
51991347,January 6, 2017
52038659,January 7, 2017
52096095,January 8, 2017
52161872,January 9, 2017
52199101,January 10, 2017
52239320,January 11, 2017
52282379,January 12, 2017
52332449,January 13, 2017
52381271,January 14, 2017
52416260,January 15, 2017
52446821,January 16, 2017
52480130,January 17, 2017
52505798,January 18, 2017
52536524,January 19, 2017
52566940,January 20, 2017
52592655,January 21, 2017
52622089,January 22, 2017
52650912,January 23, 2017
52673459,January 24, 2017
52694530,January 25, 2017
52722078,January 26, 2017
52730548,January 27, 2017
52752389,January 28, 2017
52780233,January 29, 2017
52810815,January 30, 2017
52838920,January 31, 2017
52878863,February 1, 2017
52925492,February 2, 2017
52952808,February 3, 2017
52973483,February 4, 2017
53010606,February 5, 2017
53038779,February 6, 2017
53049834,February 7, 2017
53057184,February 8, 2017
52752634,February 9, 2017
53293421,February 10, 2017
53211715,February 11, 2017
53132980,February 12, 2017
53151635,February 13, 2017
53173286,February 14, 2017
53207755,February 15, 2017
53259262,February 16, 2017
53350057,February 17, 2017
53465466,February 18, 2017
53531913,February 19, 2017
53596637,February 20, 2017
53646944,February 21, 2017
53676159,February 22, 2017
53703416,February 23, 2017
53744743,February 24, 2017
53794324,February 25, 2017
53836525,February 26, 2017
53874967,February 27, 2017
53901380,February 28, 2017
53930692,March 1, 2017
53961576,March 2, 2017
53988018,March 3, 2017
54034063,March 4, 2017
54077535,March 5, 2017
54106921,March 6, 2017
54123568,March 7, 2017
54139969,March 8, 2017
54151723,March 9, 2017
54164846,March 10, 2017
54177578,March 11, 2017
54196718,March 12, 2017
54209041,March 13, 2017
54244526,March 14, 2017
54269494,March 15, 2017
54286258,March 16, 2017
54299368,March 17, 2017
54314790,March 18, 2017
54325676,March 19, 2017
54332701,March 20, 2017
54346903,March 21, 2017
54355722,March 22, 2017
54369240,March 23, 2017
54375945,March 24, 2017
54387461,March 25, 2017
54404495,March 26, 2017
54420583,March 27, 2017
54431956,March 28, 2017
54438780,March 29, 2017
54446910,March 30, 2017
54454065,March 31, 2017
54466824,April 1, 2017
54481138,April 2, 2017
54502294,April 3, 2017
54519935,April 4, 2017
54528858,April 5, 2017
54540559,April 6, 2017
54552549,April 7, 2017
54564658,April 8, 2017
54580179,April 9, 2017
54598171,April 10, 2017
54613133,April 11, 2017
54628032,April 12, 2017
54642398,April 13, 2017
54656566,April 14, 2017
54670420,April 15, 2017
54684573,April 16, 2017
54694144,April 17, 2017
54704630,April 18, 2017
54714857,April 19, 2017
54723714,April 20, 2017
54734422,April 21, 2017
54740685,April 22, 2017
54755073,April 23, 2017
54775728,April 24, 2017
54789049,April 25, 2017
54800637,April 26, 2017
54807314,April 27, 2017
54819256,April 28, 2017
54828491,April 29, 2017
54842838,April 30, 2017
54872140,May 1, 2017
54888277,May 2, 2017
54894623,May 3, 2017
54907690,May 4, 2017
54916966,May 5, 2017
54925784,May 6, 2017
54936600,May 7, 2017
54948174,May 8, 2017
54955397,May 9, 2017
54967958,May 10, 2017
54981482,May 11, 2017
54996510,May 12, 2017
55007359,May 13, 2017
55025102,May 14, 2017
55039295,May 15, 2017
55048739,May 16, 2017
55058761,May 17, 2017
55070000,May 18, 2017
55081654,May 19, 2017
55093450,May 20, 2017
55105485,May 21, 2017
55115611,May 22, 2017
55126659,May 23, 2017
55133737,May 24, 2017
55147901,May 25, 2017
55163868,May 26, 2017
55170531,May 27, 2017
55182313,May 28, 2017
55192328,May 29, 2017
55202313,May 30, 2017
55214644,May 31, 2017
55229235,June 1, 2017
55239281,June 2, 2017
55247886,June 3, 2017
55260129,June 4, 2017
55273721,June 5, 2017
55286973,June 6, 2017
55328467,June 7, 2017
55384896,June 8, 2017
55422279,June 9, 2017
55451571,June 10, 2017
55483813,June 11, 2017
55516401,June 12, 2017
55542821,June 13, 2017
55568643,June 14, 2017
55587606,June 15, 2017
55605318,June 16, 2017
55624437,June 17, 2017
55656696,June 18, 2017
55685121,June 19, 2017
55714941,June 20, 2017
55739509,June 21, 2017
55771606,June 22, 2017
55797074,June 23, 2017
55822428,June 24, 2017
55848258,June 25, 2017
55870587,June 26, 2017
55881798,June 27, 2017
55900133,June 28, 2017
55921158,June 29, 2017
55940948,June 30, 2017
55963369,July 1, 2017
55987888,July 2, 2017
56000521,July 3, 2017
56021450,July 4, 2017
56036858,July 5, 2017
56058431,July 6, 2017
56081795,July 7, 2017
56102472,July 8, 2017
56120032,July 9, 2017
56138946,July 10, 2017
56157874,July 11, 2017
56176354,July 12, 2017
56194352,July 13, 2017
56215953,July 14, 2017
56232441,July 15, 2017
56250367,July 16, 2017
56265278,July 17, 2017
56284324,July 18, 2017
56304202,July 19, 2017
56320176,July 20, 2017
56339125,July 21, 2017
56360210,July 22, 2017
56387059,July 23, 2017
56411795,July 24, 2017
56449629,July 25, 2017
56493857,July 26, 2017
56523315,July 27, 2017
56551026,July 28, 2017
56574213,July 29, 2017
56592015,July 30, 2017
56613685,July 31, 2017
56611460,August 1, 2017
56633587,August 2, 2017
56661034,August 3, 2017
56684792,August 4, 2017
56706792,August 5, 2017
56730949,August 6, 2017
56743747,August 7, 2017
56765058,August 8, 2017
56774313,August 9, 2017
56790664,August 10, 2017
56813639,August 11, 2017
56838215,August 12, 2017
56860406,August 13, 2017
56874989,August 14, 2017
56892144,August 15, 2017
56904701,August 16, 2017
56915611,August 17, 2017
56937462,August 18, 2017
56958993,August 19, 2017
56980902,August 20, 2017
57003626,August 21, 2017
57020579,August 22, 2017
57032528,August 23, 2017
57051074,August 24, 2017
57069416,August 25, 2017
57081027,August 26, 2017
57096678,August 27, 2017
57111812,August 28, 2017
57121595,August 29, 2017
57125784,August 30, 2017
57138726,August 31, 2017
57150533,September 1, 2017
57165439,September 2, 2017
57179098,September 3, 2017
57191753,September 4, 2017
57200873,September 5, 2017
57209084,September 6, 2017
57217518,September 7, 2017
57228173,September 8, 2017
57233821,September 9, 2017
57240662,September 10, 2017
57247909,September 11, 2017
57249790,September 12, 2017
57261897,September 13, 2017
57272786,September 14, 2017
57282278,September 15, 2017
57292777,September 16, 2017
57303573,September 17, 2017
57312092,September 18, 2017
57312549,September 19, 2017
57314626,September 20, 2017
57317745,September 21, 2017
57318917,September 22, 2017
57322789,September 23, 2017
57330827,September 24, 2017
57339111,September 25, 2017
57343985,September 26, 2017
57346182,September 27, 2017
57348776,September 28, 2017
57349326,September 29, 2017
57356652,September 30, 2017
57365623,October 1, 2017
57373872,October 2, 2017
57382991,October 3, 2017
57396939,October 4, 2017
57411992,October 5, 2017
57421452,October 6, 2017
57433097,October 7, 2017
57446510,October 8, 2017
57456028,October 9, 2017
57468520,October 10, 2017
57477892,October 11, 2017
57486840,October 12, 2017
57497689,October 13, 2017
57508669,October 14, 2017
57521774,October 15, 2017
57529417,October 16, 2017
57537955,October 17, 2017
57549362,October 18, 2017
57559087,October 19, 2017
57567963,October 20, 2017
57580324,October 21, 2017
57595124,October 22, 2017
57607935,October 23, 2017
57616367,October 24, 2017
57625083,October 25, 2017
57633891,October 26, 2017
57645440,October 27, 2017
57657284,October 28, 2017
57670550,October 29, 2017
57683752,October 30, 2017
57696815,October 31, 2017
57707734,November 1, 2017
57718654,November 2, 2017
57731078,November 3, 2017
57744023,November 4, 2017
57757988,November 5, 2017
57771327,November 6, 2017
57779918,November 7, 2017
57792415,November 8, 2017
57801847,November 9, 2017
57814116,November 10, 2017
57825998,November 11, 2017
57841277,November 12, 2017
57854247,November 13, 2017
57864770,November 14, 2017
57875149,November 15, 2017
57889644,November 16, 2017
57900634,November 17, 2017
57913908,November 18, 2017
57929066,November 19, 2017
57941847,November 20, 2017
57951182,November 21, 2017
57963888,November 22, 2017
57977786,November 23, 2017
57990268,November 24, 2017
58006334,November 25, 2017
58023962,November 26, 2017
58044903,November 27, 2017
58056985,November 28, 2017
58069884,November 29, 2017
58081370,November 30, 2017
58094175,December 1, 2017
58105859,December 2, 2017
58118482,December 3, 2017
58130076,December 4, 2017
58139031,December 5, 2017
58145931,December 6, 2017
58156018,December 7, 2017
58177466,December 8, 2017
58209922,December 9, 2017
58261418,December 10, 2017
58299828,December 11, 2017
58351848,December 12, 2017
58390057,December 13, 2017
58409091,December 14, 2017
58435837,December 15, 2017
58455551,December 16, 2017
58476569,December 17, 2017
58492650,December 18, 2017
58508215,December 19, 2017
58527182,December 20, 2017
58541748,December 21, 2017
58563111,December 22, 2017
58584010,December 23, 2017
58605515,December 24, 2017
58629826,December 25, 2017
58650893,December 26, 2017
58676981,December 27, 2017
58701106,December 28, 2017
58722880,December 29, 2017
58748678,December 30, 2017
58773397,December 31, 2017
58799477,January 1, 2018
58821860,January 2, 2018
58871625,January 3, 2018
58953524,January 4, 2018
59059120,January 5, 2018
59141174,January 6, 2018
59227927,January 7, 2018
59300286,January 8, 2018
59382237,January 9, 2018
59461192,January 10, 2018
59557877,January 11, 2018
59582584,January 12, 2018
59630974,January 13, 2018
59674237,January 14, 2018
59717140,January 15, 2018
59780872,January 16, 2018
59817374,January 17, 2018
59872321,January 18, 2018
59913737,January 19, 2018
59965744,January 20, 2018
60006162,January 21, 2018
60052979,January 22, 2018
60093689,January 23, 2018
60133022,January 24, 2018
60195888,January 25, 2018
60223431,January 26, 2018
60260022,January 27, 2018
60296073,January 28, 2018
60329832,January 29, 2018
60359375,January 30, 2018
60391011,January 31, 2018
60418028,February 1, 2018
60447920,February 2, 2018
60474259,February 3, 2018
60513621,February 4, 2018
60550474,February 5, 2018
60588978,February 6, 2018
60615218,February 7, 2018
60643304,February 8, 2018
60670014,February 9, 2018
60697648,February 10, 2018
60730329,February 11, 2018
60759701,February 12, 2018
60785254,February 13, 2018
60814411,February 14, 2018
60836435,February 15, 2018
60856583,February 16, 2018
60879545,February 17, 2018
60911117,February 18, 2018
60944748,February 19, 2018
60964358,February 20, 2018
60990051,February 21, 2018
61007326,February 22, 2018
61031154,February 23, 2018
61049207,February 24, 2018
61075826,February 25, 2018
61103690,February 26, 2018
61129252,February 27, 2018
61148648,February 28, 2018
61170790,March 1, 2018
61191723,March 2, 2018
61218352,March 3, 2018
61240232,March 4, 2018
61266756,March 5, 2018
61282670,March 6, 2018
61298284,March 7, 2018
61317710,March 8, 2018
61335122,March 9, 2018
61348889,March 10, 2018
61373147,March 11, 2018
61392802,March 12, 2018
61411178,March 13, 2018
61428634,March 14, 2018
61441736,March 15, 2018
61460258,March 16, 2018
61481000,March 17, 2018
61503759,March 18, 2018
61520831,March 19, 2018
61539094,March 20, 2018
61554290,March 21, 2018
61575946,March 22, 2018
61596856,March 23, 2018
61618657,March 24, 2018
61647211,March 25, 2018
61673028,March 26, 2018
61697414,March 27, 2018
61715796,March 28, 2018
61736836,March 29, 2018
61771480,March 30, 2018
61800081,March 31, 2018
61823720,April 1, 2018
61848136,April 2, 2018
61876368,April 3, 2018
61890678,April 4, 2018
61915895,April 5, 2018
61937316,April 6, 2018
61949955,April 7, 2018
61981429,April 8, 2018
62006383,April 9, 2018
62028548,April 10, 2018
62050855,April 11, 2018
62070952,April 12, 2018
62088357,April 13, 2018
62101621,April 14, 2018
62129911,April 15, 2018
62153057,April 16, 2018
62172543,April 17, 2018
62192361,April 18, 2018
62203715,April 19, 2018
62222258,April 20, 2018
62240906,April 21, 2018
62259422,April 22, 2018
62274854,April 23, 2018
62288612,April 24, 2018
62310514,April 25, 2018
62327216,April 26, 2018
62343074,April 27, 2018
62354757,April 28, 2018
62314353,April 29, 2018
62328304,April 30, 2018
62348169,May 1, 2018
62358315,May 2, 2018
62380101,May 3, 2018
62401344,May 4, 2018
62417953,May 5, 2018
62437507,May 6, 2018
62457563,May 7, 2018
62474114,May 8, 2018
62492672,May 9, 2018
62505921,May 10, 2018
62515455,May 11, 2018
62530976,May 12, 2018
62545667,May 13, 2018
62578518,May 14, 2018
62605086,May 15, 2018
62631952,May 16, 2018
62659962,May 17, 2018
62681094,May 18, 2018
62693486,May 19, 2018
62723412,May 20, 2018
62750073,May 21, 2018
62774301,May 22, 2018
62786915,May 23, 2018
62812359,May 24, 2018
62839373,May 25, 2018
62863190,May 26, 2018
62879681,May 27, 2018
62902898,May 28, 2018
62926216,May 29, 2018
62948601,May 30, 2018
62969362,May 31, 2018
62996971,June 1, 2018
63017491,June 2, 2018
63038249,June 3, 2018
63060501,June 4, 2018
63088228,June 5, 2018
63112677,June 6, 2018
63150253,June 7, 2018
63187849,June 8, 2018
63215926,June 9, 2018
63258707,June 10, 2018
63284953,June 11, 2018
63309057,June 12, 2018
63329775,June 13, 2018
63348182,June 14, 2018
63369923,June 15, 2018
63391880,June 16, 2018
63415339,June 17, 2018
63437117,June 18, 2018
63459514,June 19, 2018
63478898,June 20, 2018
63502272,June 21, 2018
63526165,June 22, 2018
63553609,June 23, 2018
63577413,June 24, 2018
63599832,June 25, 2018
63630564,June 26, 2018
63655239,June 27, 2018
63678447,June 28, 2018
63705646,June 29, 2018
63735383,June 30, 2018
63765266,July 1, 2018
63794073,July 2, 2018
63822361,July 3, 2018
63849264,July 4, 2018
63878586,July 5, 2018
63905212,July 6, 2018
63930111,July 7, 2018
63954512,July 8, 2018
63978551,July 9, 2018
64000307,July 10, 2018
64023928,July 11, 2018
64048483,July 12, 2018
64069033,July 13, 2018
64096762,July 14, 2018
64127577,July 15, 2018
64150346,July 16, 2018
64169553,July 17, 2018
64188577,July 18, 2018
64220625,July 19, 2018
64273176,July 20, 2018
64318737,July 21, 2018
64371620,July 22, 2018
64420816,July 23, 2018
64470796,July 24, 2018
64513505,July 25, 2018
64546403,July 26, 2018
64573971,July 27, 2018
64603397,July 28, 2018
64634719,July 29, 2018
64667259,July 30, 2018
64700392,July 31, 2018
64739463,August 1, 2018
64776743,August 2, 2018
64812167,August 3, 2018
64844019,August 4, 2018
64873435,August 5, 2018
64901051,August 6, 2018
64926619,August 7, 2018
64953770,August 8, 2018
64985649,August 9, 2018
65018239,August 10, 2018
65045079,August 11, 2018
65071161,August 12, 2018
65097944,August 13, 2018
65124750,August 14, 2018
65147724,August 15, 2018
65170375,August 16, 2018
65197182,August 17, 2018
65219459,August 18, 2018
65246541,August 19, 2018
65263724,August 20, 2018
65298318,August 21, 2018
65324411,August 22, 2018
65355723,August 23, 2018
65385496,August 24, 2018
65411210,August 25, 2018
65445931,August 26, 2018
65490973,August 27, 2018
65527443,August 28, 2018
65555902,August 29, 2018
65620793,August 30, 2018
65676521,August 31, 2018
65718744,September 1, 2018
65759237,September 2, 2018
65790561,September 3, 2018
65819522,September 4, 2018
65847454,September 5, 2018
65873254,September 6, 2018
65902829,September 7, 2018
65944919,September 8, 2018
65990181,September 9, 2018
66026425,September 10, 2018
66052804,September 11, 2018
66075134,September 12, 2018
66102664,September 13, 2018
66136535,September 14, 2018
66177017,September 15, 2018
66206549,September 16, 2018
66234929,September 17, 2018
66261144,September 18, 2018
66288030,September 19, 2018
66306040,September 20, 2018
66330302,September 21, 2018
66352328,September 22, 2018
66381829,September 23, 2018
66420981,September 24, 2018
66445656,September 25, 2018
66468191,September 26, 2018
66489260,September 27, 2018
66507497,September 28, 2018
66525647,September 29, 2018
66549889,September 30, 2018
66573264,October 1, 2018
66592009,October 2, 2018
66611248,October 3, 2018
66631652,October 4, 2018
66650917,October 5, 2018
66673749,October 6, 2018
66705936,October 7, 2018
66736370,October 8, 2018
66763923,October 9, 2018
66798272,October 10, 2018
66830629,October 11, 2018
66855726,October 12, 2018
66890252,October 13, 2018
66917601,October 14, 2018
66954436,October 15, 2018
66979248,October 16, 2018
67006161,October 17, 2018
67038323,October 18, 2018
67077322,October 19, 2018
67114747,October 20, 2018
67156187,October 21, 2018
67203097,October 22, 2018
67244915,October 23, 2018
67280474,October 24, 2018
67318182,October 25, 2018
67358254,October 26, 2018
67571429,October 27, 2018
67912457,October 28, 2018
68154546,October 29, 2018
68388500,October 30, 2018
68595781,October 31, 2018
68763316,November 1, 2018
68895265,November 2, 2018
69046621,November 3, 2018
69181606,November 4, 2018
69294435,November 5, 2018
69395459,November 6, 2018
69557032,November 7, 2018
69721790,November 8, 2018
69844883,November 9, 2018
69959845,November 10, 2018
70097394,November 11, 2018
70200968,November 12, 2018
70286474,November 13, 2018
70372915,November 14, 2018
70484130,November 15, 2018
70570469,November 16, 2018
70664659,November 17, 2018
70745036,November 18, 2018
70828133,November 19, 2018
70945115,November 20, 2018
71042380,November 21, 2018
71171563,November 22, 2018
71316057,November 23, 2018
71453739,November 24, 2018
71598119,November 25, 2018
71857809,November 26, 2018
72098097,November 27, 2018
72263532,November 28, 2018
72414869,November 29, 2018
72539712,November 30, 2018
72666742,December 1, 2018
72875774,December 2, 2018
73434016,December 3, 2018
73908186,December 4, 2018
74191091,December 5, 2018
74410331,December 6, 2018
74705331,December 7, 2018
74984638,December 8, 2018
75274205,December 9, 2018
75594958,December 10, 2018
75927905,December 11, 2018
76195038,December 12, 2018
76395750,December 13, 2018
76613081,December 14, 2018
76753723,December 15, 2018
76942142,December 16, 2018
77128387,December 17, 2018
77305939,December 18, 2018
77464571,December 19, 2018
77632010,December 20, 2018
77756502,December 21, 2018
77841849,December 22, 2018
78012952,December 23, 2018
78136260,December 24, 2018
78245115,December 25, 2018
78347839,December 26, 2018
78459822,December 27, 2018
78603265,December 28, 2018
78775106,December 29, 2018
78956875,December 30, 2018
79126114,December 31, 2018
79283233,January 1, 2019
79416904,January 2, 2019
79545031,January 3, 2019
79669883,January 4, 2019
79784419,January 5, 2019
79904952,January 6, 2019
80024135,January 7, 2019
80148654,January 8, 2019
80248432,January 9, 2019
80340896,January 10, 2019
80440879,January 11, 2019
80546902,January 12, 2019
80655689,January 13, 2019
80757255,January 14, 2019
80926734,January 15, 2019
81045287,January 16, 2019
81144112,January 17, 2019
81232381,January 18, 2019
81322232,January 19, 2019
81441142,January 20, 2019
81628791,January 21, 2019
81828755,January 22, 2019
82104750,January 23, 2019
82325949,January 24, 2019
82510631,January 25, 2019
82660786,January 26, 2019
82807816,January 27, 2019
82931761,January 28, 2019
83035144,January 29, 2019
83146119,January 30, 2019
83254191,January 31, 2019
83352214,February 1, 2019
83451072,February 2, 2019
83580652,February 3, 2019
83860037,February 4, 2019
84056676,February 5, 2019
84221242,February 6, 2019
84367693,February 7, 2019
84494356,February 8, 2019
84618560,February 9, 2019
84771772,February 10, 2019
84980143,February 11, 2019
85111991,February 12, 2019
85238794,February 13, 2019
85500581,February 14, 2019
85639783,February 15, 2019
85772247,February 16, 2019
85894362,February 17, 2019
86026834,February 18, 2019
86152737,February 19, 2019
86307135,February 20, 2019
86455818,February 21, 2019
86574028,February 22, 2019
86760319,February 23, 2019
86976727,February 24, 2019
87136508,February 25, 2019
87236692,February 26, 2019
87319031,February 27, 2019
87400943,February 28, 2019
87484603,March 1, 2019
87574081,March 2, 2019
87720205,March 3, 2019
87877515,March 4, 2019
88020932,March 5, 2019
88150159,March 6, 2019
88277621,March 7, 2019
88391540,March 8, 2019
88516460,March 9, 2019
88680082,March 10, 2019
88801698,March 11, 2019
88971749,March 12, 2019
89135186,March 13, 2019
89291754,March 14, 2019
89439541,March 15, 2019
89592596,March 16, 2019
89738761,March 17, 2019
89892297,March 18, 2019
90058079,March 19, 2019
90227006,March 20, 2019
90442451,March 21, 2019
90704648,March 22, 2019
90923300,March 23, 2019
91084775,March 24, 2019
91205415,March 25, 2019
91334715,March 26, 2019
91470601,March 27, 2019
91588937,March 28, 2019
91689730,March 29, 2019
91774024,March 30, 2019
91892442,March 31, 2019
92066638,April 1, 2019
92375402,April 2, 2019
92628950,April 3, 2019
92854897,April 4, 2019
93053299,April 5, 2019
93233612,April 6, 2019
93404165,April 7, 2019
93532965,April 8, 2019
93636849,April 9, 2019
93723377,April 10, 2019
93816784,April 11, 2019
93899067,April 12, 2019
93981460,April 13, 2019
94061633,April 14, 2019
94143885,April 15, 2019
94219858,April 16, 2019
94295384,April 17, 2019
94372037,April 18, 2019
94441789,April 19, 2019
94511207,April 20, 2019
94580282,April 21, 2019
94646406,April 22, 2019
94707241,April 23, 2019
94774021,April 24, 2019
94835580,April 25, 2019
94889673,April 26, 2019
94943780,April 27, 2019
94999297,April 28, 2019
95059790,April 29, 2019
95132437,April 30, 2019
95193427,May 1, 2019
95244512,May 2, 2019
95292860,May 3, 2019
95340762,May 4, 2019
95382915,May 5, 2019
95419179,May 6, 2019
95447957,May 7, 2019
95477553,May 8, 2019
